"date1","currency_id","our_24h_volume","volume24h","market_share"
2021-12-19,1,6109.504,57026355200,0.0000107134745519
2021-12-19,10,338.31772,2565408512,0.0000131876745968
2021-12-19,102,17.304949,793397376,0.0000021811199957
2021-12-19,103,87.532974,2379287296,0.000003678957583
2021-12-19,10355,6.307532,522446336,0.0000012073071431
2021-12-19,1063,0.29133704,9844694.0,0.0000029593305584
2021-12-19,107,0.16242944,271447232,0.0000000598383121
2021-12-19,1073,11.702295,4444435.5,0.0002633021722431
2021-12-19,11,11.951648,1813034368,0.0000006592069113
2021-12-19,117,0.6378578,276248992,0.0000002308995883
2021-12-19,118,3.2942986,241783136,0.0000013625014006
2021-12-19,120,355.62854,4633431040,0.0000076752741052
2021-12-19,1201,0.14034681,2592131.0,0.0000054143409756
2021-12-19,136,72.89824,98336600,0.0000741313385788
2021-12-19,1399,1.9604214,92811.91,0.0021122521502547897
2021-12-19,14,703.718,853167872,0.0000824829498924
2021-12-19,143,0.05689509,704879552,0.0000000080716045
2021-12-19,144,2.1709087,206093824,0.0000010533594441
2021-12-19,145,62.080143,428607584,0.0000144841450833
2021-12-19,149,2.196797,242605248,0.0000009055026062
2021-12-19,1537,0.3371922,496419.66,0.0000679248273627
2021-12-19,159,187.42911,181854672,0.0001030653265843
2021-12-19,16,266.8416,594953664,0.0000448508217232
2021-12-19,1632,3.040514,237505.55,0.0012801865523215383
2021-12-19,178,0.261736,17612038,0.0000014861199382
2021-12-19,179,0.2926376,5613728.0,0.0000052128921624
2021-12-19,1845,2.4792235,7377531.0,0.00003360505616
2021-12-19,186,11.823127,210199440,0.0000056247184688
2021-12-19,19,196.26767,1551690112,0.0000126486384033
2021-12-19,196,107.04453,55390188,0.0001932554141604
2021-12-19,197,0.6348084,516034784,0.0000001230165969
2021-12-19,2,3686.4866,42768846848,0.000008619560532
2021-12-19,20,75.4014,1920739200,0.0000039256448758
2021-12-19,21,427.82373,1710285568,0.0000250147536462
2021-12-19,243,2.5243225,290163552,0.000000869965433
2021-12-19,248,0.06868501,380924480,0.0000000180311363
2021-12-19,26,14.367924,1471412736,0.0000009764713482
2021-12-19,264,12.499067,4617106432,0.0000002707121416
2021-12-19,267,52.17158,40727996,0.0001280975880036
2021-12-19,272,0.4961066,130188600,0.0000003810676219
2021-12-19,28,10.117928,685745664,0.0000014754635735
2021-12-19,2850,1.3267456,2461537.0,0.0000538990718724
2021-12-19,2864,0.06326574,,
2021-12-19,287,9.788631,46161468,0.0000212052000848
2021-12-19,29,1170.7341,253266304,0.0004622541837307
2021-12-19,294,28.813467,199807200,0.0000144206353525
2021-12-19,3,1323.7548,122023075840,0.0000010848396848
2021-12-19,35,29.898443,716308224,0.0000041739635748
2021-12-19,37,0.77607167,1073808896,0.0000000722727933
2021-12-19,370,34.38009,21608904,0.0001591014893165
2021-12-19,373,4.7957106,134787904,0.0000035579681423
2021-12-19,39,690.192,557058752,0.0001238993263541
2021-12-19,397,2.1428194,41269676,0.0000051922370403
2021-12-19,4,2066.82,122023075840,0.000001693794438
2021-12-19,42,18.695488,338966304,0.0000055154412593
2021-12-19,429,6.5658827,3971307.2,0.0001653330286899
2021-12-19,434,3.2882297,15345264,0.0000214283033984
2021-12-19,4363,1.062394,46398672,0.0000022897078011
2021-12-19,460,139.88521,8124252672,0.0000017218225068
2021-12-19,472,0.6409465,139751008,0.0000004586346414
2021-12-19,4939,5.5930023,632921344,0.0000008836805065
2021-12-19,5,724.33356,2832363776,0.0000255734647681
2021-12-19,500,0.26889488,9902222.0,0.0000027155003579
2021-12-19,55,168.3163,632921344,0.0000265935568677
2021-12-19,569,15.991432,8124252672,0.0000001968357255
2021-12-19,6,317.64847,3694284032,0.0000085983771214
2021-12-19,7,258.95987,8387881472,0.000003087309608
2021-12-19,70,0.8972371,202045696,0.0000004440763313
2021-12-19,702,0.20777722,944692.25,0.0000219941696855
2021-12-19,71,69.76554,187360528,0.0000372359863832
2021-12-19,731,0.15099648,2751894.2,0.000005487001431
2021-12-19,747,4.96153,15732549,0.0000315367230996
2021-12-19,7622,5.6039295,185450.94,0.003021785414603073
2021-12-19,79,24.657326,343694848,0.0000071741915519
2021-12-19,8,828.0396,2313494272,0.0000357917286919
2021-12-19,80,1.7975025,29958088,0.0000060000573399
2021-12-19,806,0.6708268,107143048,0.0000006261038799
2021-12-19,808,1.3197091,4150184.2,0.0000317988053666
2021-12-19,81,93.647865,2010087808,0.0000046588944258
2021-12-19,9,120.51015,1439316480,0.0000083727343281
2021-12-19,96,25.913044,29812990,0.0000869186351338
2021-12-20,1,6800.755,54886428672,0.0000123905948612
2021-12-20,10,710.3633,1703231872,0.0000417067866465
2021-12-20,102,196.13264,672433152,0.0000291676059305
2021-12-20,103,21.211365,2180856576,0.0000009726162098
2021-12-20,107,3.3018208,242009680,0.0000013643341568
2021-12-20,1073,7.296273,4902073.0,0.0001488405700911
2021-12-20,11,34.611492,1549665280,0.0000022334818439
2021-12-20,118,0.5467877,192666784,0.0000002837996504
2021-12-20,120,352.22443,3483777792,0.0000101104156158
2021-12-20,1201,0.3080953,1526870.0,0.0000201782270892
2021-12-20,136,5.090326,135898080,0.0000037456935331
2021-12-20,1388,26.000828,5023620.5,0.0005175715159567
2021-12-20,14,640.2093,789472448,0.0000810933045159
2021-12-20,145,72.91723,389761664,0.0000187081582226
2021-12-20,149,2.8218062,236589728,0.0000011927002497
2021-12-20,1537,7.7580247,351460.06,0.0022073701984481886
2021-12-20,159,58.101433,75156824,0.0000773069302795
2021-12-20,16,478.8168,481851616,0.0000993701746665
2021-12-20,161,1.7866142,46329796,0.0000038562962601
2021-12-20,1632,4.7246614,180565.62,0.0026165895178564824
2021-12-20,165,1.7220508,58852788,0.0000029260309731
2021-12-20,173,0.11505014,76090928,0.0000001512008629
2021-12-20,178,2.335288,15906773,0.0000146810918977
2021-12-20,1845,2.0464213,5076026.0,0.0000403154217565
2021-12-20,186,1.0459868,296945888,0.000000352248275
2021-12-20,19,410.0194,1343956864,0.0000305083744934
2021-12-20,196,43.23161,57103448,0.000075707527003
2021-12-20,197,24.404829,353295392,0.0000069077685794
2021-12-20,2,7186.5903,35280310272,0.0000203699741519
2021-12-20,20,500.40375,1625365632,0.0000307871488303
2021-12-20,21,591.7114,3463712000,0.0000170831583546
2021-12-20,226,3.466509,2959767.0,0.0001171210101347
2021-12-20,243,2.9861388,239863040,0.0000012449349107
2021-12-20,248,0.14572689,294465536,0.0000000494886077
2021-12-20,26,235.80267,1127674752,0.0000209105209592
2021-12-20,264,324.4489,5007604224,0.000006479124437
2021-12-20,267,93.209946,40727996,0.0002288596306244
2021-12-20,272,7.4173617,140295056,0.0000052869729927
2021-12-20,28,1.8430611,424786912,0.0000004338789772
2021-12-20,287,3.923387,50360264,0.0000077906406659
2021-12-20,288,0.35648456,107622376,0.0000003312364827
2021-12-20,29,3228.9133,260085360,0.0012414821867423598
2021-12-20,2922,1.0738264,1790159.6,0.0000599849556693
2021-12-20,3,1337.44,108460244992,0.0000012331153876
2021-12-20,35,39.553833,760042368,0.0000052041617238
2021-12-20,357,1.9893013,88878040,0.0000022382371512
2021-12-20,370,20.989805,17762098,0.0001181718857879
2021-12-20,373,7.575435,147640656,0.0000051309953619
2021-12-20,387,2.3025262,16012173,0.0000143798487784
2021-12-20,39,475.30597,501907200,0.000094699970532
2021-12-20,391,1.7806903,22083698,0.0000080633704158
2021-12-20,397,27.013504,28572140,0.0000945449073697
2021-12-20,4,9460.241,108460244992,0.000008722312117
2021-12-20,42,235.34177,366385600,0.0000642333532141
2021-12-20,429,13.308442,4590908.5,0.0002898868842749
2021-12-20,434,17.494997,5363683.5,0.0003261750407546
2021-12-20,4363,0.5572529,77691800,0.0000007172608729
2021-12-20,441,0.9583035,71694696,0.0000013366449281
2021-12-20,460,449.00452,7437810176,0.0000060367838728
2021-12-20,472,0.15659302,39681292,0.0000003946268201
2021-12-20,5,1172.8331,2618444544,0.0000447912157142
2021-12-20,55,65.001854,542336576,0.0000119855187108
2021-12-20,569,9.249653,7437810176,0.0000001243598891
2021-12-20,6,868.9174,3654800128,0.0000237746903053
2021-12-20,61,8.0026865,123934448,0.0000064571928249
2021-12-20,69,0.11549942,65672200,0.0000001758726276
2021-12-20,7,892.40784,7444141568,0.0000119880553484
2021-12-20,702,7.07152,797838.0,0.000886335328687
2021-12-20,71,355.99255,214312096,0.0001661094074734
2021-12-20,731,0.343734,4767563.5,0.0000072098458759
2021-12-20,747,1.3886696,13153783,0.000010557187835
2021-12-20,7622,5.5007668,120189.02,0.004576762876240537
2021-12-20,79,59.083035,240062144,0.0000246115575919
2021-12-20,8,1013.41693,2659082240,0.000038111531353
2021-12-20,80,23.994553,28699434,0.0000836063634324
2021-12-20,808,81.335785,3514851.2,0.002314060475328006
2021-12-20,81,18.044508,1656461824,0.0000010893404401
2021-12-20,9,312.42075,1179686656,0.0000264833659003
2021-12-20,93,8.677783,267770272,0.0000032407566408
2021-12-20,96,3.2875557,38271000,0.0000085902009062
2021-12-21,1,5179.0205,67640803328,0.0000076566514906
2021-12-21,10,316.90598,3177554432,0.000009973266657
2021-12-21,102,31.271309,774497728,0.0000040376242794
2021-12-21,103,101.722946,2063716992,0.0000049291131177
2021-12-21,107,11.174415,264642832,0.0000042224513663
2021-12-21,11,173.39981,1520623104,0.0000114032076226
2021-12-21,118,5.8059316,275562176,0.0000021069407552
2021-12-21,120,153.12804,3985548032,0.0000038420822079
2021-12-21,132,20.629726,37631536,0.0000548203161088
2021-12-21,1389,1.0872132,1071040.9,0.0001015099542201
2021-12-21,14,1134.1257,1617993856,0.000070094563398
2021-12-21,143,3.2539961,602621696,0.0000005399732661
2021-12-21,145,63.79352,447614976,0.0000142518743473
2021-12-21,149,6.7469563,297690656,0.0000022664320198
2021-12-21,1537,1.8695672,279840.25,0.0006680837032036
2021-12-21,159,355.72955,104582240,0.0003401433787076
2021-12-21,16,236.75874,320362240,0.0000739034476283
2021-12-21,173,63.013653,126032984,0.0000499977488744
2021-12-21,178,0.87985945,32076144,0.0000027430337113
2021-12-21,1845,4.0686865,12155418,0.0000334722045636
2021-12-21,186,14.5236845,451882368,0.0000032140409445
2021-12-21,19,118.27357,3951670528,0.0000029930017575
2021-12-21,196,40.41365,92054320,0.0000439019601117
2021-12-21,197,2.3616712,338237920,0.0000006982277867
2021-12-21,2,4631.7676,47087001600,0.0000098366157886
2021-12-21,20,286.3586,2020169472,0.0000141749794125
2021-12-21,21,1182.5573,3469744384,0.0000340819696021
2021-12-21,230,0.2463048,20742534,0.0000011874383254
2021-12-21,243,5.33786,226136208,0.0000023604624033
2021-12-21,26,85.61715,1397225856,0.0000061276530516
2021-12-21,264,2.2923586,8909634560,0.0000000257289856
2021-12-21,267,41.703545,40727996,0.0001023952791002
2021-12-21,272,0.15397158,178890336,0.0000000860703731
2021-12-21,28,0.22418931,477443712,0.0000000469561778
2021-12-21,287,3.5104923,72985472,0.0000048098506511
2021-12-21,29,3628.2385,432384704,0.0008391227311222
2021-12-21,3,1179.2736,143208382464,0.0000008234668947
2021-12-21,325,0.19164248,12907963,0.000001484684109
2021-12-21,35,41.61011,906966144,0.0000045878351784
2021-12-21,370,7.1284137,20351520,0.0000350264429017
2021-12-21,373,1.9214983,237424448,0.0000008093093307
2021-12-21,39,189.50235,643523392,0.0000294476251383
2021-12-21,391,1.4591396,19953762,0.0000073126038558
2021-12-21,397,7.531704,62359168,0.0000120779418467
2021-12-21,4,3300.0527,143208382464,0.0000023043712716
2021-12-21,42,33.07947,509515584,0.0000064923376897
2021-12-21,434,34.942543,5691680.5,0.0006139231118141
2021-12-21,439,0.43477833,49922968,0.0000008708983756
2021-12-21,460,336.35226,10046621696,0.0000033479139461
2021-12-21,472,1.2123194,19319968,0.0000062749556662
2021-12-21,5,1139.6853,3204670720,0.0000355632579385
2021-12-21,55,32.931454,669474048,0.0000049190038709
2021-12-21,569,27.017344,10046621696,0.0000002689196865
2021-12-21,6,312.88528,4333769728,0.0000072197025247
2021-12-21,7,1411.6886,9427537920,0.0000149740955635
2021-12-21,70,4.096023,381787392,0.0000010728544275
2021-12-21,71,238.02638,273466464,0.000087040427843
2021-12-21,731,11.54299,4270398.0,0.0002703024392758
2021-12-21,7622,14.171019,104238.97,0.01359474117634818
2021-12-21,79,48.09292,415890112,0.0000115638520981
2021-12-21,8,16.742352,2979521024,0.0000005619142041
2021-12-21,80,0.41515958,25501018,0.0000016280118587
2021-12-21,806,4.3164124,22942722,0.0000188138642443
2021-12-21,808,7.241162,4520185.5,0.0001601961230335
2021-12-21,81,39.406666,1648342144,0.0000023906848057
2021-12-21,9,226.70432,1987900928,0.0000114042059352
2021-12-22,1,8628.461,59089870848,0.0000146022671288
2021-12-22,10,264.90323,2517360128,0.0000105230562042
2021-12-22,102,112.531784,658304640,0.0000170941802935
2021-12-22,103,109.90217,1708192128,0.0000064338294692
2021-12-22,11,73.57822,1292997376,0.0000056905154366
2021-12-22,117,0.90020996,325870240,0.00000027624798
2021-12-22,118,20.67729,254039952,0.0000081393849882
2021-12-22,120,677.72046,5016453120,0.0000135099526233
2021-12-22,132,31.585009,50351932,0.0000627284919119
2021-12-22,136,3.2777424,80318248,0.0000040809435831
2021-12-22,14,1106.6431,1051549952,0.0001052392349266
2021-12-22,143,0.4202802,506252064,0.0000000830179703
2021-12-22,145,37.074997,450869152,0.0000082230059206
2021-12-22,149,1.6369867,235372944,0.0000006954863796
2021-12-22,159,271.38803,86350504,0.000314286558023
2021-12-22,16,177.97528,163472576,0.0001088716430786
2021-12-22,178,30.821598,29807676,0.0001034015440382
2021-12-22,1845,0.38349256,15129697,0.0000025347008048
2021-12-22,186,14.169488,428574944,0.0000033061866134
2021-12-22,19,219.98811,3001054720,0.0000073303596082
2021-12-22,196,45.58378,75758216,0.0000601700776315
2021-12-22,197,0.6376574,439115584,0.0000001452140186
2021-12-22,2,6191.305,35818012672,0.0000172854512925
2021-12-22,20,592.4198,1951511936,0.0000303569663629
2021-12-22,21,824.93475,2302507776,0.0000358276651014
2021-12-22,230,1.8077193,21526242,0.0000083977468535
2021-12-22,243,4.4132853,270299136,0.0000016327412311
2021-12-22,26,8.998464,1151072128,0.0000007817463121
2021-12-22,264,84.632195,6656431104,0.0000012714349573
2021-12-22,267,46.646282,40727996,0.0001145312467088
2021-12-22,272,10.260101,147339552,0.0000069635760269
2021-12-22,28,29.250008,319839040,0.0000091452271533
2021-12-22,2850,1.3243334,2431309.0,0.0000544699787497
2021-12-22,29,2088.7197,363887840,0.000574000978304
2021-12-22,294,0.6059283,231944128,0.0000002612388972
2021-12-22,3,2010.8102,121697501184,0.0000016523019397
2021-12-22,35,76.76062,717600768,0.0000106968421676
2021-12-22,357,162.11444,266643584,0.0000607981803569
2021-12-22,37,10.647956,367446848,0.0000028978220712
2021-12-22,370,1.4152561,22764852,0.0000062168474813
2021-12-22,387,1.7203557,14630739,0.0000117585017279
2021-12-22,39,507.09424,556244480,0.0000911639119749
2021-12-22,397,6.1550245,41308932,0.0000148999845351
2021-12-22,4,3032.1128,121697501184,0.000002491516149
2021-12-22,42,26.671139,448584352,0.000005945624082
2021-12-22,434,41.17054,17157028,0.0002399631284788
2021-12-22,4363,2.6785817,38306492,0.0000069925008006
2021-12-22,460,259.0805,9679714304,0.0000026765304639
2021-12-22,5,1127.6274,3191659776,0.0000353304386636
2021-12-22,500,1.4034426,26020044,0.0000053936979327
2021-12-22,52,17.729897,515050016,0.000003442363905
2021-12-22,569,21.451756,9679714304,0.0000002216155925
2021-12-22,596,3.3599477,9018024.0,0.0000372581354213
2021-12-22,6,557.5244,3974146304,0.0000140287838235
2021-12-22,69,1.3158858,113041120,0.0000011640771014
2021-12-22,7,1014.1421,8168090624,0.0000124159015513
2021-12-22,71,45.433983,199697984,0.0000227513481832
2021-12-22,747,24.050928,22108286,0.0001087869463845
2021-12-22,7622,6.5607257,146526.84,0.00447749080194626
2021-12-22,79,52.5113,252945840,0.000020759898689
2021-12-22,80,0.70248336,29699266,0.000002365322338
2021-12-22,806,5.9284616,20515034,0.0000288981311769
2021-12-22,808,1.5012757,5208678.5,0.0000288225834311
2021-12-22,81,96.08732,1624270080,0.0000059157230226
2021-12-22,82,0.30878812,170773280,0.0000001808175831
2021-12-22,9,129.85847,1361113344,0.0000095406072376
2021-12-22,93,11.3647175,430218112,0.0000026416175913
2021-12-22,96,0.5524807,40530124,0.0000013631360041
2021-12-22,977,4.678113,9443643.0,0.0000495371637044
2021-12-23,1,16009.18,53355810816,0.0000300045655877
2021-12-23,10,615.2727,2294328320,0.0000268171163498
2021-12-23,102,697.4785,762920704,0.0000914221516268
2021-12-23,103,108.844635,1553752320,0.0000070052756485
2021-12-23,107,18.47663,267410624,0.0000069094596711
2021-12-23,11,71.12273,1553957504,0.0000045768771884
2021-12-23,117,0.71435434,278643168,0.0000002563688595
2021-12-23,118,3.9248013,237195424,0.000001654670001
2021-12-23,120,236.87332,7593883648,0.0000031192644911
2021-12-23,136,5.4427495,80076152,0.0000067969665452
2021-12-23,14,772.1171,949034176,0.0000813582005321
2021-12-23,143,0.48257267,428808000,0.0000001125381677
2021-12-23,145,109.07511,635596160,0.0000171610707866
2021-12-23,149,5.023119,301018976,0.000001668705174
2021-12-23,1505,1.2354541,,
2021-12-23,159,155.04819,168249616,0.0000921536638998
2021-12-23,16,217.1719,371156256,0.0000585122563734
2021-12-23,1632,1.4412062,1313046.1,0.000109760514988
2021-12-23,178,2.63022,26442366,0.0000099469914971
2021-12-23,179,0.039886508,8991906.0,0.0000004435823708
2021-12-23,184,78.73121,47452280,0.0001659165945966
2021-12-23,1845,0.8993232,8638514.0,0.0000104106241849
2021-12-23,186,38.571724,262782528,0.0000146781914623
2021-12-23,19,146.95758,4976875008,0.000002952808309
2021-12-23,196,31.103277,71664768,0.0000434010701156
2021-12-23,197,66.19557,786529920,0.0000084161541736
2021-12-23,2,25311.797,30387791872,0.000083295941522
2021-12-23,20,177.61494,2907380736,0.0000061091050441
2021-12-23,21,504.0334,2426133504,0.0000207751710946
2021-12-23,230,3.2693338,21487932,0.0000152147435983
2021-12-23,243,1.0169387,238523808,0.0000004263468245
2021-12-23,26,321.00165,909667328,0.0000352878060994
2021-12-23,264,372.26248,10151837696,0.0000036669465686
2021-12-23,267,142.08977,40727996,0.0003488749371172
2021-12-23,272,0.05409538,154134576,0.0000000350962009
2021-12-23,28,4.5313315,573517184,0.0000007900951893
2021-12-23,287,4.3517594,89318600,0.0000048721759072
2021-12-23,29,2578.8206,361777984,0.0007128185643523
2021-12-23,294,2.1806571,339855456,0.0000006416425169
2021-12-23,3,1268.6879,126426521600,0.0000010034981734
2021-12-23,307,2.9820178,3985885.2,0.0000748144429963
2021-12-23,319,1.5820874,19865244,0.000007964097648
2021-12-23,35,12.688894,802908288,0.0000015803665931
2021-12-23,37,25.128387,910055104,0.0000027611941178
2021-12-23,370,18.94781,21193388,0.0000894043409971
2021-12-23,373,10.0475645,146119664,0.0000068762574301
2021-12-23,39,496.8144,768508224,0.0000646465935006
2021-12-23,397,9.398145,97701872,0.0000096192060539
2021-12-23,4,5098.6514,126426521600,0.0000040328970385
2021-12-23,42,60.143906,505204160,0.0000119048713998
2021-12-23,434,33.25737,8250946.5,0.0004030734089611
2021-12-23,4363,1.2975878,40071100,0.0000032382136084
2021-12-23,46,0.13831677,1093346560,0.0000000126507707
2021-12-23,460,680.54376,9586306048,0.000007099124133
2021-12-23,472,2.0898802,12430194,0.0000168129332678
2021-12-23,5,2268.03,3488225536,0.0000650195943308
2021-12-23,500,7.74027,19256880,0.0000401948284434
2021-12-23,516,0.2884204,,
2021-12-23,52,13.741572,534703712,0.0000025699414152
2021-12-23,569,6.3986096,9586306048,0.0000000667473965
2021-12-23,6,295.49475,4118822656,0.0000071742526586
2021-12-23,61,7.9771414,161052896,0.000004953118804
2021-12-23,695,7.020344,8953140.0,0.0000784120857134
2021-12-23,7,897.908,7393739264,0.0000121441672718
2021-12-23,71,162.09871,306948992,0.0000528096563812
2021-12-23,731,13.676087,4057850.2,0.0003370279046067
2021-12-23,747,1.8077737,17390700,0.0000103950597463
2021-12-23,7622,9.710998,144615.98,0.006715023482684046
2021-12-23,79,173.15097,521129600,0.0000332260867708
2021-12-23,8,22.388187,3338963456,0.0000006705131117
2021-12-23,806,44.39557,20283644,0.0002188737425968
2021-12-23,808,1.5509005,4891490.5,0.0000317060909083
2021-12-23,81,27.359976,1594906368,0.0000017154597742
2021-12-23,9,138.6652,2035378432,0.0000068127484099
2021-12-23,93,72.41018,514434496,0.0000140756853284
2021-12-23,977,4.9819827,5777570.0,0.0000862297270032
2021-12-24,1,3780.3296,61574418432,0.000006139448061
2021-12-24,10,378.1162,2433970432,0.0000155349553665
2021-12-24,102,513.091,760153600,0.000067498331191
2021-12-24,103,9.926783,2608602624,0.0000003805402216
2021-12-24,107,0.30301556,271917696,0.0000001114364934
2021-12-24,11,51.537064,2439400448,0.0000021126938421
2021-12-24,117,6.6777525,393809760,0.0000016956798632
2021-12-24,120,384.29715,8256434176,0.0000046545171273
2021-12-24,1201,1.8965552,1616262.1,0.0001173420514533
2021-12-24,132,14.940439,58468660,0.0000255529016613
2021-12-24,136,14.013461,108029768,0.0000129718515041
2021-12-24,14,627.47644,1061494016,0.0000591125740357
2021-12-24,143,4.162793,681633600,0.0000006107083284
2021-12-24,145,205.07419,723904704,0.0000283288926539
2021-12-24,149,18.433416,327216960,0.0000056333927745
2021-12-24,1505,4.726448,32560.86,0.014515734801534563
2021-12-24,1537,1.9198539,1096411.0,0.0001751034915287
2021-12-24,159,83.955734,170741568,0.0000491712341955
2021-12-24,16,508.68903,218143312,0.0002331902805963
2021-12-24,161,2.8933308,206015568,0.000001404423422
2021-12-24,1632,15.309528,1029327.56,0.0014873329746478703
2021-12-24,178,4.871515,30640184,0.0000158991042554
2021-12-24,186,21.978909,315222400,0.0000069725082597
2021-12-24,19,405.8604,4456671232,0.000009106805976
2021-12-24,196,50.7585,129719168,0.0000391295287727
2021-12-24,2,3568.1213,39328083968,0.000009072705609
2021-12-24,20,160.25923,3207925760,0.000004995727565
2021-12-24,21,619.66833,2917582080,0.000021239105763
2021-12-24,243,0.67529655,305709440,0.0000002208949024
2021-12-24,26,316.7136,1216797184,0.00002602846223
2021-12-24,264,33.755257,8601096192,0.000000392452959
2021-12-24,267,170.34332,40727996,0.0004182462816971
2021-12-24,272,0.45485014,151117968,0.0000003009900995
2021-12-24,28,0.47075087,1067682368,0.0000000440909087
2021-12-24,287,1.3173106,795980608,0.0000001654953063
2021-12-24,29,1749.5718,574693568,0.0003044355935344
2021-12-24,294,0.4841278,355322496,0.0000001362502555
2021-12-24,3,1520.1934,151014260736,0.0000010066554701
2021-12-24,319,0.96189797,18314452,0.0000052521251348
2021-12-24,35,37.15534,883029312,0.0000042077129336
2021-12-24,357,3.3105607,254537440,0.0000013006183686
2021-12-24,37,3.909116,1741299584,0.0000002244941788
2021-12-24,370,8.743908,20314504,0.0000430426837283
2021-12-24,373,5.6501775,172154496,0.0000032820388185
2021-12-24,387,0.5523031,17467118,0.0000031619588725
2021-12-24,39,299.7801,867851712,0.0000345427793036
2021-12-24,397,18.724365,179156720,0.0000104513887322
2021-12-24,4,2889.2292,151014260736,0.0000019132162521
2021-12-24,416,1.3455818,28969636,0.0000046448004554
2021-12-24,42,273.80252,868033088,0.0000315428678732
2021-12-24,434,121.89703,7971760.0,0.00152911070472328
2021-12-24,4363,1.7489957,25881610,0.0000067576770846
2021-12-24,439,0.5975985,120825432,0.0000004945966303
2021-12-24,460,253.90866,11263865856,0.0000022541875921
2021-12-24,488,14.152098,31254202,0.0000452806233397
2021-12-24,5,1325.6033,4073337600,0.0000325434172055
2021-12-24,500,2.2097957,22241952,0.000009935259726
2021-12-24,52,16.32747,689610880,0.0000023676353322
2021-12-24,569,49.780502,11263865856,0.0000004419486554
2021-12-24,596,0.36355364,12498229,0.0000029088413456
2021-12-24,6,1481.495,4794520576,0.0000308997528009
2021-12-24,69,1.4053451,94366456,0.0000014892422406
2021-12-24,695,0.73787016,9220919.0,0.0000080021322901
2021-12-24,7,827.332,8923949056,0.0000092709179
2021-12-24,70,2.2253444,314831968,0.0000007068356123
2021-12-24,71,149.20638,376685920,0.0000396102876721
2021-12-24,731,0.80429196,3908460.2,0.0000205782299645
2021-12-24,747,13.227383,20721706,0.0000638334654468
2021-12-24,7622,3.2751927,96946.21,0.003378360634087585
2021-12-24,79,29.451834,606280320,0.0000048577913248
2021-12-24,8,721.2576,4510624256,0.0000159901958341
2021-12-24,80,3.2215986,35006888,0.0000092027562459
2021-12-24,806,12.982445,27012388,0.0000480610765408
2021-12-24,808,0.15978663,14514922,0.0000011008438605
2021-12-24,81,118.92757,4570421760,0.0000026021135469
2021-12-24,9,590.76044,2575756800,0.0000229354114367
2021-12-24,96,0.29358944,39585784,0.0000007416537162
2021-12-25,1,9760.41,53218725888,0.0000183401795084
2021-12-25,10,255.19019,2264630528,0.0000112685128784
2021-12-25,102,28.221289,681347840,0.0000041419795593
2021-12-25,103,29.38652,2763444736,0.0000010634018111
2021-12-25,107,0.4551579,328934560,0.0000001383733905
2021-12-25,11,56.020386,1905570304,0.0000029398226076
2021-12-25,117,1.789656,359374336,0.0000004979921808
2021-12-25,120,34.245472,4521773568,0.0000007573460081
2021-12-25,131,3.11468,322573312,0.0000009655727773
2021-12-25,132,144.7159,49888844,0.0002900766730818
2021-12-25,136,0.6185993,137603408,0.0000004495523065
2021-12-25,14,394.48096,813217408,0.0000485086729896
2021-12-25,143,4.9516335,738055360,0.0000006709027112
2021-12-25,145,123.89313,717010816,0.0000172791160935
2021-12-25,149,0.8453944,340816480,0.0000002480497363
2021-12-25,159,116.78284,158810048,0.0000735361766147
2021-12-25,16,76.14367,207859248,0.0000366323206435
2021-12-25,1632,0.48525912,1332104.1,0.0000364280168696
2021-12-25,178,47.116673,36136040,0.0001303869225922
2021-12-25,179,0.97542423,25070776,0.0000038906822653
2021-12-25,1845,1.2032045,8878760.0,0.0000135514923727
2021-12-25,186,3.7242317,349849120,0.0000010645250903
2021-12-25,19,59.979713,4506094592,0.0000013310797797
2021-12-25,196,22.40431,117494440,0.0000190684005474
2021-12-25,197,24.30502,1366517376,0.0000017786103257
2021-12-25,2,3044.5376,27886473216,0.0000109176141905
2021-12-25,20,24.871569,2330517760,0.0000010672121853
2021-12-25,21,395.06378,2372428800,0.000016652292345
2021-12-25,230,0.70571846,32339432,0.0000021822227581
2021-12-25,26,56.250362,890272256,0.0000063183328791
2021-12-25,264,13.13541,8488722944,0.0000001547395323
2021-12-25,267,6.7780275,40727996,0.000016642182743
2021-12-25,272,2.245897,128420984,0.0000017488552828
2021-12-25,28,19.961523,741198400,0.0000026931417096
2021-12-25,287,9.361092,218763360,0.0000042790947674
2021-12-25,29,2233.9248,326597664,0.0006839989964647
2021-12-25,294,0.67122084,193011760,0.0000003477616195
2021-12-25,3,719.1868,132086308864,0.0000005444825035
2021-12-25,35,169.91641,911369344,0.0000186440786365
2021-12-25,37,20.490559,1649655936,0.0000012421110362
2021-12-25,370,1.3157952,19843608,0.0000066308260216
2021-12-25,373,3.6587334,180349040,0.0000020286957891
2021-12-25,39,137.19781,758807232,0.0000180807205652
2021-12-25,397,5.889252,177290864,0.0000033218025663
2021-12-25,4,2626.5798,132086308864,0.0000019885330715
2021-12-25,42,530.18115,1472958208,0.0000359943101103
2021-12-25,434,12.680212,37016492,0.0000342555750876
2021-12-25,4363,1.9980022,26702738,0.0000074823866214
2021-12-25,46,0.05613288,964379456,0.0000000058206218
2021-12-25,460,132.70609,9324835840,0.0000014231465784
2021-12-25,5,1219.4832,3665944832,0.0000332651808321
2021-12-25,52,42.73058,1182349440,0.0000036140399118
2021-12-25,569,20.336782,9324835840,0.000000218092655
2021-12-25,6,221.00781,4987601920,0.0000044311438074
2021-12-25,695,0.52087706,9429181.0,0.0000055240967356
2021-12-25,7,933.7053,7483884544,0.0000124762124187
2021-12-25,70,2.743902,266603536,0.0000010292068531
2021-12-25,71,200.0041,389785248,0.0000513113604939
2021-12-25,731,3.4480233,26082808,0.0000132195253855
2021-12-25,747,3.2913349,20810178,0.0000158159863872
2021-12-25,7622,1.6557112,113586.805,0.00145766152854776
2021-12-25,79,26.164167,453148512,0.000005773861389
2021-12-25,8,1504.2739,2925836800,0.0000514134569585
2021-12-25,80,14.083626,35788740,0.0000393521133901
2021-12-25,808,3.3206544,9608257.0,0.0000345604235008
2021-12-25,81,72.76221,4087727616,0.0000017800159569
2021-12-25,9,78.42447,4047587840,0.0000019375606897
2021-12-25,93,73.917435,503050208,0.000014693848982
2021-12-25,96,0.4642182,33272696,0.0000013951925837
2021-12-25,99,0.33294928,692324416,0.0000000480915141
2021-12-26,1,4477.0913,41547206656,0.0000107759142054
2021-12-26,10,418.89578,2735118080,0.0000153154545046
2021-12-26,102,117.23495,592372544,0.0000197907468191
2021-12-26,103,11.7894745,2151041792,0.0000005480820686
2021-12-26,10355,9.333432,262252416,0.0000035589501124
2021-12-26,107,3.3559623,261194400,0.0000012848523134
2021-12-26,11,50.314922,1265273088,0.0000039766057114
2021-12-26,117,13.312454,395119040,0.0000033692263202
2021-12-26,120,73.91812,3379902208,0.0000021869899669
2021-12-26,132,1.4155592,33153298,0.0000042697386959
2021-12-26,14,269.62582,789223168,0.0000341634461165
2021-12-26,143,0.044728693,715304256,0.0000000062531001
2021-12-26,144,1.8507494,127718504,0.0000014490847633
2021-12-26,145,63.154343,1082403456,0.0000058346397935
2021-12-26,149,2.0639396,226017696,0.0000009131761125
2021-12-26,1505,0.5527152,52747.42,0.0010478524927748367
2021-12-26,1537,0.64666593,548462.25,0.0001179052787847
2021-12-26,159,93.076164,83175600,0.0001119032049246
2021-12-26,16,46.104507,132031736,0.0000349192617932
2021-12-26,1696,0.60004306,1050326.4,0.0000571291991491
2021-12-26,1716,0.48746055,1634767.8,0.000029818338021
2021-12-26,173,0.26931277,69176680,0.0000003893115164
2021-12-26,178,41.2824,20808698,0.0001983901029234
2021-12-26,1845,0.18796314,6241255.0,0.0000030116240168
2021-12-26,186,25.500162,216018352,0.0000118046273201
2021-12-26,19,255.34113,2466207232,0.000010353596025
2021-12-26,196,58.29879,69251040,0.0000841847167976
2021-12-26,197,11.751044,876247680,0.0000013410642374
2021-12-26,2,2140.1511,23755612160,0.0000090090338745
2021-12-26,20,171.09427,1576083584,0.0000108556598377
2021-12-26,21,821.9873,2088672000,0.0000393545434463
2021-12-26,230,2.0329573,23306056,0.0000087228713141
2021-12-26,26,6.664317,682125824,0.0000009769923537
2021-12-26,264,35.226467,5952471040,0.0000005917956791
2021-12-26,267,42.695515,40727996,0.0001048308718055
2021-12-26,272,2.197877,95837872,0.000002293328194
2021-12-26,28,61.364235,461676032,0.0000132916227358
2021-12-26,287,2.6531985,120915264,0.0000021942627271
2021-12-26,29,3985.999,321825984,0.001238557251781458
2021-12-26,294,3.224368,121623528,0.0000026511054685
2021-12-26,3,657.58093,105135439872,0.0000006254607499
2021-12-26,35,137.66801,756926592,0.0000181877624073
2021-12-26,357,0.6313016,376510368,0.0000001676717654
2021-12-26,37,17.516045,1017484352,0.0000017215050718
2021-12-26,370,1.3834031,20622124,0.0000067083441024
2021-12-26,373,2.3372693,330889760,0.0000007063589269
2021-12-26,39,135.45694,478549376,0.0000283057403294
2021-12-26,397,37.77152,103075192,0.0000366446272437
2021-12-26,4,2357.0352,105135439872,0.0000022419035517
2021-12-26,416,0.90536016,26726712,0.0000033874730576
2021-12-26,42,65.44667,803852608,0.00000814162604
2021-12-26,434,20.281765,5566294.5,0.0003643674517662
2021-12-26,4363,1.0788693,38497680,0.0000028024269128
2021-12-26,46,0.24252704,655420992,0.0000000370032449
2021-12-26,460,109.97637,7265128960,0.0000015137565867
2021-12-26,472,0.3620867,49043664,0.000000738294581
2021-12-26,489,0.8117993,30799386,0.0000026357644956
2021-12-26,5,2117.0857,2854091776,0.0000741772112178
2021-12-26,52,34.769375,636649600,0.000005461304653
2021-12-26,569,34.22009,7265128960,0.0000004710183354
2021-12-26,6,239.99744,3148241408,0.000007623221876
2021-12-26,633,0.13599062,170117168,0.0000000799393884
2021-12-26,6343,0.91399056,189373.36,0.000482639461552
2021-12-26,69,2.639269,74198344,0.0000035570458579
2021-12-26,7,872.44275,5465814016,0.0000159618082307
2021-12-26,70,58.353954,193165504,0.0000302093042137
2021-12-26,71,189.92625,536661632,0.000035390317521
2021-12-26,731,20.007896,44684312,0.0000447761095757
2021-12-26,747,0.8990903,18988834,0.0000047348368781
2021-12-26,7622,1.6326158,102340.16,0.0015952837202348746
2021-12-26,771,2.3274522,13933880,0.0000167035466347
2021-12-26,79,42.512657,330635424,0.0000128578648173
2021-12-26,8,2053.5022,2192953856,0.0000936409207952
2021-12-26,80,0.5015874,17296768,0.0000028998908164
2021-12-26,806,4.2791843,24782252,0.0000172671320797
2021-12-26,808,0.3171626,5954525.5,0.0000053264127331
2021-12-26,81,309.64618,4711930368,0.0000065715354935
2021-12-26,82,0.784125,258082064,0.0000003038277629
2021-12-26,846,0.63011104,23098922,0.0000027278806769
2021-12-26,857,1.6918234,11093382,0.0000152507439566
2021-12-26,9,156.3224,2205313024,0.0000070884453862
2021-12-26,93,7.1730433,318546784,0.0000022518021225
2021-12-26,96,3.6127684,65077588,0.0000055514785657
2021-12-26,99,16.423576,704677824,0.0000023306503394
2021-12-27,1,11325.427,45854830592,0.0000246984370733
2021-12-27,10,328.03003,2236477696,0.0000146672618939
2021-12-27,102,552.3246,595319424,0.000092777855798
2021-12-27,103,46.22358,1994593536,0.0000023174434816
2021-12-27,11,123.932304,2474974720,0.0000050074170588
2021-12-27,117,8.773903,486199424,0.0000018045893668
2021-12-27,120,183.97398,7019983872,0.0000026207180426
2021-12-27,132,0.83406353,49634728,0.0000016804031944
2021-12-27,136,3.320262,105410824,0.0000031498302633
2021-12-27,1399,0.20663548,389793.72,0.0000530114959929
2021-12-27,14,572.4496,632586304,0.0000904935177459
2021-12-27,144,11.817814,244256512,0.0000048382798212
2021-12-27,145,472.51044,940289344,0.0000502516002143
2021-12-27,149,56.51776,229889696,0.0000245847303404
2021-12-27,159,103.7484,110166352,0.0000941743053318
2021-12-27,16,111.766,177457168,0.0000629819567166
2021-12-27,1632,0.67213327,456953.47,0.000147090088376
2021-12-27,173,0.95479685,83251200,0.0000011468865857
2021-12-27,1845,3.73788,5880489.5,0.0000635640958535
2021-12-27,186,5.5897183,201155232,0.0000027788082946
2021-12-27,19,95.79118,2650249984,0.0000036144207627
2021-12-27,196,47.649067,82211888,0.0000579588515848
2021-12-27,197,11.170212,802870208,0.0000013912848651
2021-12-27,2,6176.783,24480155648,0.0000252317960303
2021-12-27,20,88.91182,3556327424,0.0000025001021697
2021-12-27,2095,0.29715186,26619408,0.0000011162978097
2021-12-27,21,595.8141,2733511936,0.0000217966515947
2021-12-27,243,0.9722344,204293328,0.0000004759012295
2021-12-27,26,121.917336,743650432,0.0000163944420706
2021-12-27,264,58.783997,5063445504,0.0000011609485817
2021-12-27,267,234.4458,40727996,0.0005756379323429
2021-12-27,272,3.3109448,93279920,0.0000035494721828
2021-12-27,28,11.071569,718153856,0.0000015416709687
2021-12-27,2850,0.9883928,2021982.4,0.0000488823616251
2021-12-27,2864,13.887621,,
2021-12-27,29,2892.4016,251622448,0.001149500621977495
2021-12-27,294,0.9512464,188147184,0.0000005055862839
2021-12-27,3,1891.4347,110591090688,0.0000017102957273
2021-12-27,35,325.74457,793576832,0.0000410476417301
2021-12-27,37,0.8407404,921816768,0.000000091204716
2021-12-27,370,9.839513,48039724,0.0000204820338467
2021-12-27,373,0.9957039,213309872,0.000000466787542
2021-12-27,39,337.2449,550851648,0.0000612224539509
2021-12-27,397,8.273319,57857492,0.0000142994778685
2021-12-27,4,4059.4263,110591090688,0.0000036706630624
2021-12-27,42,84.56907,741679808,0.0000114023691822
2021-12-27,434,38.25265,5547550.0,0.0006895413662278
2021-12-27,4363,1.0095569,54571400,0.0000018499743959
2021-12-27,46,15.39965,937645120,0.0000016423751248
2021-12-27,460,333.32794,7831662592,0.0000042561580926
2021-12-27,472,0.5294232,10947225,0.0000048361403771
2021-12-27,5,2103.2102,3444480000,0.0000610603137829
2021-12-27,52,42.404716,938721792,0.000004517282548
2021-12-27,569,32.275433,7831662592,0.0000004121146979
2021-12-27,6,1178.1952,4314210304,0.0000273096361525
2021-12-27,62,0.24234994,11639110,0.0000020822033875
2021-12-27,7,606.8523,5845038592,0.0000103823488473
2021-12-27,70,4.3770237,276228192,0.0000015845680323
2021-12-27,71,460.52512,678766912,0.0000678473156768
2021-12-27,731,1.5270728,12722760,0.0000120026854233
2021-12-27,747,1.3052799,18776842,0.0000069515408541
2021-12-27,7622,2.4626734,64756.945,0.003802948776865378
2021-12-27,79,356.63257,652665088,0.0000546425098946
2021-12-27,8,1241.5532,2431249152,0.0000510664733611
2021-12-27,808,0.06260177,68736072,0.0000000910755693
2021-12-27,81,121.829155,4149956352,0.0000029356732156
2021-12-27,8365,0.09174633,522936.9,0.0000175444355932
2021-12-27,9,146.99666,1425163136,0.000010314374066
2021-12-27,99,9.797399,516854944,0.0000018955798708
2021-12-28,1,8644.0625,53058486272,0.0000162915739566
2021-12-28,10,240.76756,2191897344,0.000010984435761
2021-12-28,102,322.1279,619166464,0.0000520260584835
2021-12-28,103,35.84587,1786156544,0.0000020068718243
2021-12-28,10355,11.230483,258697648,0.0000043411617412
2021-12-28,104,0.6216836,440265792,0.0000001412064243
2021-12-28,11,48.74537,2480761088,0.0000019649361249
2021-12-28,120,209.2032,4345705984,0.0000048140211817
2021-12-28,1201,0.42433196,1403002.1,0.0000302445698708
2021-12-28,136,3.423597,103018264,0.0000033232915087
2021-12-28,14,506.96533,703490048,0.0000720643242857
2021-12-28,143,0.2683151,848127808,0.0000000316361631
2021-12-28,144,1.7796478,275301312,0.0000006464363711
2021-12-28,145,58.837864,664983168,0.0000088480227589
2021-12-28,149,69.82545,296431008,0.0000235553784478
2021-12-28,1505,0.083117634,34647.945,0.0002398919605184
2021-12-28,1537,1.7805018,939585.9,0.0001894985757644
2021-12-28,159,125.262,365689696,0.0000342536310427
2021-12-28,16,291.78848,182245840,0.0001601070721335
2021-12-28,1632,15.327177,651074.06,0.0023541371774626896
2021-12-28,173,0.82722324,80442848,0.0000010283366159
2021-12-28,178,4.034122,36368000,0.0000110925043373
2021-12-28,1781,1.0627971,658771.9,0.0001613300582903
2021-12-28,1845,1.5866565,14182659,0.0000111872985542
2021-12-28,186,6.7718573,236857120,0.0000028590473988
2021-12-28,19,245.13394,2753957888,0.0000089011507498
2021-12-28,196,320.98843,373162240,0.000086018468437
2021-12-28,197,151.36256,1697165952,0.0000089185483887
2021-12-28,2,5749.2207,24904140800,0.0000230854013239
2021-12-28,20,383.7923,3761667840,0.0000102027165383
2021-12-28,21,818.22675,2305673472,0.0000354875368203
2021-12-28,230,1.3010116,45241736,0.0000028756888426
2021-12-28,243,0.53696394,296998528,0.0000001807968331
2021-12-28,26,47.288033,696342400,0.0000067909169843
2021-12-28,264,67.14236,6508593664,0.0000010315954313
2021-12-28,267,49.900158,40727996,0.0001225205323863
2021-12-28,272,2.0768716,118270216,0.0000017560394028
2021-12-28,28,6.0774136,919831360,0.0000006607095315
2021-12-28,287,13.177445,92645144,0.0000142235677458
2021-12-28,29,2920.5427,566875776,0.0005151997811481
2021-12-28,294,65.14193,186021504,0.0000350184933495
2021-12-28,3,863.10846,119374209024,0.0000007230275934
2021-12-28,31,0.09482682,1687216640,0.0000000056203108
2021-12-28,35,59.94607,810467648,0.0000073964791625
2021-12-28,370,7.6097946,35384944,0.0000215057411879
2021-12-28,373,184.84433,200152304,0.000092351837111
2021-12-28,39,762.742,905740480,0.0000842119789013
2021-12-28,397,8.194613,71568480,0.0000114500316784
2021-12-28,4,3188.9814,119374209024,0.0000026714157997
2021-12-28,42,92.676445,553989952,0.0000167289030628
2021-12-28,427,1.4108341,42888920,0.0000032895069779
2021-12-28,434,63.955032,22494556,0.0002843133870556
2021-12-28,4363,1.1142082,26125292,0.0000042648640175
2021-12-28,439,2.3165798,69036728,0.0000033555760837
2021-12-28,460,433.7713,8759055360,0.0000049522611789
2021-12-28,472,0.85800403,10064458,0.000008525089612
2021-12-28,5,2704.7754,4748831232,0.0000569566566355
2021-12-28,500,6.4896464,19623918,0.0000330700856921
2021-12-28,52,14.192664,949854272,0.0000014941939241
2021-12-28,569,71.8064,8759055360,0.0000008197961421
2021-12-28,6,807.49274,3923338240,0.0000205817769938
2021-12-28,69,20.170073,102520984,0.0000196740913339
2021-12-28,7,1417.8969,6100321792,0.0000232429840707
2021-12-28,70,1.4618737,267490528,0.0000005465141673
2021-12-28,71,70.217,802985536,0.0000087444917085
2021-12-28,731,1.0983416,6183381.5,0.0000177627981657
2021-12-28,7622,7.1630335,55686.92,0.012863044685218483
2021-12-28,771,2.522315,14103503,0.0000178843151843
2021-12-28,79,146.95935,600188992,0.0000244855129949
2021-12-28,8,1157.3077,4118847488,0.000028097852578
2021-12-28,80,21.076426,24632386,0.0000855638802477
2021-12-28,806,15.535112,109483632,0.0000141894389571
2021-12-28,808,0.1090116,16815840,0.0000006482673509
2021-12-28,81,57.870083,2510915072,0.0000023047407538
2021-12-28,814,1.7546078,37318416,0.0000047017209681
2021-12-28,9,169.17307,1453870976,0.0000116360439506
2021-12-28,96,0.18521675,33843856,0.0000005472684972
2021-12-29,1,4924.2847,73079078912,0.0000067382963209
2021-12-29,10,253.54187,3089836288,0.0000082056729411
2021-12-29,102,263.762,842026816,0.0000313246545147
2021-12-29,103,31.25885,2308522240,0.0000013540631727
2021-12-29,104,30.530104,392515648,0.0000077780605068
2021-12-29,1073,3.4139676,6743969.5,0.0000506225262598
2021-12-29,11,691.22095,3061127424,0.0000225806005005
2021-12-29,120,267.4987,6158580736,0.0000043435118613
2021-12-29,1201,112.143776,1475516.8,0.007600305252708495
2021-12-29,136,3.758646,130709472,0.0000028755728465
2021-12-29,1388,1.1328604,14352452,0.0000078931492453
2021-12-29,14,565.7089,1009412544,0.0000560433818464
2021-12-29,144,4.659135,291821696,0.0000015965690991
2021-12-29,145,90.83465,786888640,0.0000115435199177
2021-12-29,149,129.32253,321078240,0.0000402775725661
2021-12-29,1505,0.28123894,56116.16,0.0005011728262616
2021-12-29,159,156.66986,316656480,0.0000494762844028
2021-12-29,16,36.7674,281973504,0.0000130393104314
2021-12-29,1716,0.8405593,2117011.8,0.0000397049888079
2021-12-29,173,25.15545,95717304,0.0000262809862761
2021-12-29,1781,1.0906012,2360097.5,0.0000462100075538
2021-12-29,186,18.976608,278343328,0.0000068176980506
2021-12-29,19,142.68254,3971330048,0.0000035928149344
2021-12-29,196,32.067257,253151632,0.0000126672134115
2021-12-29,197,18.040527,2806660352,0.0000006427755661
2021-12-29,2,8456.723,37769084928,0.0000223905942676
2021-12-29,20,242.73236,5179428352,0.0000046864702341
2021-12-29,21,1085.3701,2871014656,0.0000378044092031
2021-12-29,226,1.1725712,4136893.5,0.0000283442432192
2021-12-29,230,2.9008737,36435060,0.0000079617642257
2021-12-29,243,6.7106304,270518912,0.0000024806510623
2021-12-29,26,116.71109,1284415872,0.0000090867054325
2021-12-29,264,29.293907,7427153408,0.0000003944163662
2021-12-29,267,161.0666,40727996,0.0003954690328101
2021-12-29,272,1.8778064,161460256,0.0000011630146624
2021-12-29,28,7.9881573,1328243712,0.0000006014075016
2021-12-29,287,56.935745,109556128,0.0000519694765444
2021-12-29,29,5320.3047,389949120,0.0013643586498801596
2021-12-29,294,8.605373,182682752,0.0000047105558565
2021-12-29,3,930.22723,162766094336,0.0000005715116824
2021-12-29,334,4.0256534,74873280,0.0000053766221697
2021-12-29,35,55.787598,952507520,0.0000058569192163
2021-12-29,37,29.571276,1999168384,0.0000014791788239
2021-12-29,370,9.010576,30708712,0.0000293420839625
2021-12-29,39,119.11351,930439296,0.0000128018569967
2021-12-29,397,16.313862,83585496,0.0000195175744011
2021-12-29,4,16611.094,162766094336,0.0000102054997342
2021-12-29,42,109.62256,740660160,0.0000148006549239
2021-12-29,434,86.20719,9190685.0,0.000937984441407
2021-12-29,4363,0.7014419,24287532,0.0000028880739578
2021-12-29,460,542.7259,11056266240,0.0000049087628184
2021-12-29,472,0.58336323,29124396,0.000002003005406
2021-12-29,4939,0.07443975,817337856,0.0000000091075862
2021-12-29,5,2189.3013,6104384000,0.0000358644086873
2021-12-29,500,15.930746,22544226,0.0000706644186721
2021-12-29,52,75.13645,1087614848,0.0000069083696985
2021-12-29,523,0.5906333,113792200,0.0000005190454733
2021-12-29,569,56.901264,11056266240,0.000000514651699
2021-12-29,6,1043.266,6156693504,0.000016945232062
2021-12-29,62,0.081448875,15364142,0.0000005301231454
2021-12-29,69,1.9478437,100163968,0.0000019446551036
2021-12-29,7,531.8711,9115674624,0.0000058346870446
2021-12-29,71,102.06529,577951680,0.0000176598319968
2021-12-29,731,3.125091,7697006.5,0.0000406013839438
2021-12-29,747,15.51297,19051086,0.0000814282714146
2021-12-29,7622,2.3430328,49321.234,0.004750556036015041
2021-12-29,79,51.958385,533645184,0.0000097365038698
2021-12-29,8,606.4386,4615143424,0.0000131401890258
2021-12-29,80,7.4005775,34266916,0.0000215968583461
2021-12-29,808,85.00632,12295069,0.0006913854576851
2021-12-29,81,76.09471,3866260992,0.00000196817318
2021-12-29,846,0.87155485,30948840,0.000002816114808
2021-12-29,9,71.91924,2083010048,0.000003452659314
2021-12-29,96,14.975065,30192014,0.0000495994243011
2021-12-30,1,6754.445,65496276992,0.0000103127156592
2021-12-30,10,399.20425,2870869248,0.0000139053440762
2021-12-30,102,100.71545,722657728,0.0000139368111718
2021-12-30,103,64.31457,1582371456,0.0000040644419386
2021-12-30,104,10.226646,279699232,0.0000036563012173
2021-12-30,107,50.046753,296648128,0.000016870745867
2021-12-30,1073,13.882755,9041265.0,0.0001535488195259
2021-12-30,11,1742.3818,2597526016,0.000067078514121
2021-12-30,120,135.3444,5562607616,0.0000024331107795
2021-12-30,136,1.9371022,93135440,0.0000020798765377
2021-12-30,1388,2.0817246,23472382,0.0000088688260291
2021-12-30,14,488.12943,813784640,0.0000599826307734
2021-12-30,143,1.1005361,800061312,0.0000001375564662
2021-12-30,144,3.6011233,259864832,0.000001385767856
2021-12-30,145,151.30682,609695616,0.000024816779387
2021-12-30,149,65.74166,308909600,0.0000212818449086
2021-12-30,1505,0.06539792,70928.51,0.0000922025833461
2021-12-30,159,358.62772,425283584,0.0000843267230266
2021-12-30,16,77.44076,185324080,0.000041786668703
2021-12-30,173,0.30717415,109191032,0.0000002813181021
2021-12-30,1845,1.6717803,4223170.5,0.0000395859075297
2021-12-30,186,24.20246,230851968,0.0000104839735116
2021-12-30,19,98.42244,2637124864,0.0000037321871815
2021-12-30,196,44.8563,155345680,0.0000288751522248
2021-12-30,2,4198.797,34233921536,0.0000122650192225
2021-12-30,20,193.73686,3861126144,0.0000050176257815
2021-12-30,21,792.6959,2364183552,0.00003352937199
2021-12-30,243,0.17573617,209434848,0.0000000839097125
2021-12-30,248,0.0860623,326183616,0.0000000263846167
2021-12-30,26,39.396152,729549184,0.0000054000679484
2021-12-30,264,41.856773,5601368064,0.000000747259854
2021-12-30,267,26.306646,40727996,0.0000645910631647
2021-12-30,272,3.4718857,133045656,0.0000026095445804
2021-12-30,287,0.93116164,103253696,0.0000009018191527
2021-12-30,29,5333.435,354917696,0.0015027244444354437
2021-12-30,3,1039.9528,138537435136,0.0000007506654853
2021-12-30,31,0.42769194,2480517632,0.0000000172420439
2021-12-30,334,1.5211625,46561316,0.0000032670094186
2021-12-30,35,166.5685,852371776,0.0000195417655391
2021-12-30,37,0.87658083,1105094912,0.0000000793217714
2021-12-30,370,5.7322273,30607750,0.0000187280264186
2021-12-30,373,0.270496,156923312,0.0000001723746479
2021-12-30,39,264.4202,737500672,0.0000358535544365
2021-12-30,397,6.8238745,70778736,0.0000096411362449
2021-12-30,4,3796.2593,138537435136,0.0000027402407454
2021-12-30,42,80.60008,537625728,0.0000149918577108
2021-12-30,434,50.001175,6150055.5,0.0008130198693834
2021-12-30,4363,0.42321134,30771074,0.0000013753544081
2021-12-30,46,0.13486938,1218173696,0.000000011071441
2021-12-30,460,398.82175,10169781248,0.0000039216352832
2021-12-30,5,1522.4243,4702480896,0.000032374916259
2021-12-30,500,13.129419,17180710,0.000076419536299
2021-12-30,52,37.55617,1261818112,0.0000029763537412
2021-12-30,569,11.070662,10169781248,0.0000001088584001
2021-12-30,6,934.13,4758330368,0.0000196314658751
2021-12-30,62,1.085621,28563854,0.0000038006810144
2021-12-30,69,1.073458,79864304,0.0000013441023405
2021-12-30,7,1256.6388,7645625344,0.0000164360500321
2021-12-30,70,3.7524152,248539104,0.0000015097885608
2021-12-30,71,77.07687,478743392,0.000016099829736
2021-12-30,731,7.6048346,5818137.5,0.0001307090883529
2021-12-30,7622,4.4350796,40821.523,0.01086456177290529
2021-12-30,79,16.563702,358034688,0.0000046262840669
2021-12-30,8,798.6346,3314910464,0.0000240921906425
2021-12-30,80,8.774998,33832508,0.0000259365862121
2021-12-30,806,0.38067442,292912704,0.0000001299617303
2021-12-30,808,0.8714105,10343742,0.0000084245186827
2021-12-30,81,3.4695623,3485879552,0.0000000995319049
2021-12-30,9,106.67697,1791917568,0.0000059532297314
2021-12-31,1,3684.6194,58345971712,0.0000063151219365
2021-12-31,10,184.28351,2516172288,0.000007323962592
2021-12-31,102,85.83104,709002176,0.0000121058917557
2021-12-31,103,12.0442505,1099073280,0.0000010958550511
2021-12-31,104,89.561905,262636080,0.0000341011428873
2021-12-31,1073,7.3127127,10865872,0.0000672998226037
2021-12-31,11,1632.7214,2056450304,0.0000793951301148
2021-12-31,117,18.687914,356559808,0.0000052411724738
2021-12-31,118,4.065971,306419040,0.0000013269315424
2021-12-31,120,162.18385,4236027904,0.000003828677464
2021-12-31,1201,5.5380397,1285557.9,0.0004307888048061
2021-12-31,136,7.3701606,66339428,0.0000111097740785
2021-12-31,1388,1.6554404,26720346,0.0000061954303021
2021-12-31,14,833.5866,745903488,0.00011175528698
2021-12-31,143,1.5426782,639049408,0.0000002414020317
2021-12-31,145,70.613335,482989024,0.0000146200704876
2021-12-31,149,41.344,285261472,0.0000144933707702
2021-12-31,1505,1.9535999,31397.785,0.006222094816621393
2021-12-31,159,178.09344,311668832,0.0000571418866002
2021-12-31,16,80.17582,266401584,0.000030095850434
2021-12-31,165,10.745412,53895424,0.000019937522211
2021-12-31,1716,2.0863943,2094718.2,0.000099602618775
2021-12-31,173,3.1301239,88963496,0.0000035184360314
2021-12-31,1845,0.9535586,4440083.0,0.0000214761442408
2021-12-31,186,32.353233,203408640,0.0000159055360882
2021-12-31,19,116.32492,2165340160,0.0000053721315396
2021-12-31,196,48.247784,132196400,0.0000364970475175
2021-12-31,197,2.5131972,1884221184,0.0000001333812172
2021-12-31,2,5910.2197,28292087808,0.0000208900090115
2021-12-31,20,381.48383,2714716416,0.0000140524377912
2021-12-31,21,619.7153,1830980864,0.0000338460807825
2021-12-31,243,15.767741,178660800,0.0000088255177388
2021-12-31,26,105.70333,780479104,0.0000135433907644
2021-12-31,264,9.960804,4681318400,0.000000212777751
2021-12-31,267,176.6728,40727996,0.0004337871359894
2021-12-31,272,0.6160947,105825992,0.0000005821771065
2021-12-31,28,14.706238,661658240,0.0000022226334551
2021-12-31,2864,4.5170555,,
2021-12-31,287,1.2041341,65505456,0.0000018382195321
2021-12-31,29,9181.344,499672352,0.0018374728824710473
2021-12-31,3,1076.0323,119964491776,0.0000008969590404
2021-12-31,334,0.33339882,37567844,0.0000008874579294
2021-12-31,35,225.62068,754489280,0.0000299037623108
2021-12-31,37,39.464138,1018993472,0.000003872854748
2021-12-31,370,32.372337,18147950,0.0001783801280908
2021-12-31,374,6.8742313,324615488,0.000002117653608
2021-12-31,39,270.48755,623386944,0.0000433899913332
2021-12-31,397,1.2662191,62822532,0.0000020155493274
2021-12-31,4,1515.7996,119964491776,0.0000012635402058
2021-12-31,42,8.579155,443128800,0.0000019360410164
2021-12-31,427,2.2034268,18996862,0.000011598898908
2021-12-31,431,0.61905825,1264421.2,0.0000489598107833
2021-12-31,434,79.90701,7700208.0,0.0010377253602200653
2021-12-31,4363,0.682293,27836054,0.0000024511125574
2021-12-31,439,2.4624708,57854448,0.0000042563204516
2021-12-31,46,1.1310118,1024436736,0.0000001104032865
2021-12-31,460,199.4712,8197376000,0.000002433354318
2021-12-31,488,16.123173,14931440,0.0001079813614524
2021-12-31,5,903.3607,4269454848,0.0000211586893784
2021-12-31,52,16.027729,1855786752,0.0000008636622084
2021-12-31,569,38.485893,8197376000,0.0000004694904021
2021-12-31,6,1082.9482,3370262272,0.0000321324620245
2021-12-31,62,2.3631384,27651112,0.0000085462687593
2021-12-31,69,2.3178663,84638240,0.0000027385569368
2021-12-31,7,748.479,6847597568,0.000010930533989
2021-12-31,71,155.11287,329434272,0.0000470846174494
2021-12-31,731,0.4932154,4866845.5,0.0000101341910863
2021-12-31,747,3.8580935,17333998,0.0000222573788733
2021-12-31,7622,1.6267772,29773.299,0.005463879642775282
2021-12-31,79,61.74423,322145664,0.000019166556342
2021-12-31,8,727.7439,2821575936,0.0000257921072944
2021-12-31,80,2.6711652,25987368,0.0000102787062417
2021-12-31,806,4.140868,112518168,0.0000036801772296
2021-12-31,808,0.40931043,6885280.5,0.0000059447167189
2021-12-31,81,7.5670056,2534145280,0.0000002986018766
2021-12-31,9,104.52218,1313091072,0.0000079600098957
2021-12-31,93,28.02679,241960704,0.0000115831994663
2021-12-31,99,10.847279,396710880,0.0000027343032727
2022-01-01,1,5432.0864,80746332160,0.0000067273475679
2022-01-01,10,126.99011,2824511488,0.0000044960028589
2022-01-01,102,69.27062,557502848,0.0000124251599232
2022-01-01,103,26.3283,1225829888,0.0000021477939427
2022-01-01,10355,6.9013147,512838656,0.0000013457087888
2022-01-01,104,8.271496,171492928,0.0000048232283945
2022-01-01,11,1613.6838,2020826112,0.0000798526798462
2022-01-01,117,0.7851805,332533600,0.0000002361206564
2022-01-01,118,6.716251,446265184,0.0000015049909763
2022-01-01,120,144.64766,3714738176,0.0000038938857472
2022-01-01,1201,0.36150214,1194147.1,0.0000302728295765
2022-01-01,136,7.3379273,67525296,0.0000108669311771
2022-01-01,1388,2.1044483,15704947,0.0000133999066065
2022-01-01,14,747.89484,734462528,0.0001018288571686
2022-01-01,144,0.82562286,188900576,0.0000004370674045
2022-01-01,145,68.83768,571039936,0.0000120547923643
2022-01-01,149,11.589326,287157600,0.0000040358763442
2022-01-01,1537,1.316265,210851.4,0.0006242618837859
2022-01-01,159,103.104225,204529664,0.0000504104036736
2022-01-01,16,89.712944,202442896,0.0000443151861873
2022-01-01,173,1.3109591,106239832,0.0000012339619104
2022-01-01,178,2.2739387,23116916,0.0000098366868428
2022-01-01,1845,1.3911783,2209630.8,0.0000629597593615
2022-01-01,186,13.446857,221462768,0.000006071836367
2022-01-01,19,131.56448,2037099904,0.0000064584206427
2022-01-01,196,34.46844,201644096,0.0000170937013877
2022-01-01,197,3.048354,1288030720,0.0000002366677965
2022-01-01,2,11975.299,30925715456,0.0000387227856891
2022-01-01,20,49.13613,2553943552,0.0000019239317695
2022-01-01,21,444.67825,2294014976,0.000019384278005
2022-01-01,230,0.22954188,46985468,0.0000004885380545
2022-01-01,243,0.1805792,165504224,0.0000001091085111
2022-01-01,26,119.45406,839191488,0.0000142344219967
2022-01-01,264,7.5491757,4471981056,0.0000001688105433
2022-01-01,267,94.85885,40727996,0.0002329082235519
2022-01-01,272,1.5614164,107031184,0.000001458842469
2022-01-01,28,2.8436098,832016256,0.000000341773343
2022-01-01,29,2253.749,427730464,0.0005269087068882
2022-01-01,294,0.54568446,94710768,0.000000576158854
2022-01-01,3,631.8272,125145088000,0.0000005048757412
2022-01-01,31,1.0825708,1335120256,0.0000000810841394
2022-01-01,35,154.67119,823721600,0.0000187771192373
2022-01-01,37,0.8508524,1085355392,0.0000000783938969
2022-01-01,370,1.9903848,17620416,0.0000112959014587
2022-01-01,39,156.35715,554732224,0.0000281860593532
2022-01-01,397,6.4270105,66620520,0.0000096471936217
2022-01-01,4,3103.9836,125145088000,0.0000024803080478
2022-01-01,42,57.765625,486374304,0.0000118767836454
2022-01-01,427,3.7879896,22444428,0.0000168771933318
2022-01-01,434,99.10202,4579424.0,0.0021640717022819445
2022-01-01,439,1.8927368,53501216,0.0000035377453855
2022-01-01,460,564.8871,8796025856,0.000006422071408
2022-01-01,472,0.640222,14838694,0.0000043145440998
2022-01-01,5,1579.9468,4416652288,0.0000357724957212
2022-01-01,500,0.5147812,16968572,0.0000030337329093
2022-01-01,52,6.651306,1303299456,0.0000005103436784
2022-01-01,523,13.989773,72623376,0.0000192634573182
2022-01-01,526,6.327338,120144312,0.0000052664482553
2022-01-01,569,5.5642443,8796025856,0.000000063258615
2022-01-01,6,317.7931,3422624512,0.0000092850704903
2022-01-01,61,2.6538088,15156243456,0.0000000175096743
2022-01-01,62,23.007795,27579236,0.0000834243394365
2022-01-01,633,0.8572458,177445344,0.0000004831041345
2022-01-01,69,1.4218314,74693064,0.000001903565483
2022-01-01,7,673.90814,7179966976,0.0000093859505057
2022-01-01,71,216.37598,357211136,0.0000605736943271
2022-01-01,731,0.33465976,4310086.0,0.000007764572274
2022-01-01,747,48.603638,14734545,0.0003298618139524
2022-01-01,7622,0.14509743,58389.87,0.0002484975993866
2022-01-01,771,7.1551075,21791538,0.000032834338981
2022-01-01,79,103.08745,322015200,0.0000320132244269
2022-01-01,8,858.9092,2775429888,0.0000309468873638
2022-01-01,80,3.7080765,20452142,0.0000181305040314
2022-01-01,805,3.2236485,2716038.0,0.0001186893769045
2022-01-01,806,37.940327,114695224,0.0000330792545356
2022-01-01,808,0.09665388,6755282.0,0.0000014307897089
2022-01-01,81,6.746968,2587065088,0.0000002607962069
2022-01-01,82,0.31131047,434177568,0.0000000717011894
2022-01-01,9,156.7251,1404654080,0.0000111575580775
2022-01-01,96,24.751638,34556816,0.0000716259251021
2022-01-01,99,1.4100165,421809056,0.0000003342783828
2022-01-02,1,5703.0205,53362122752,0.0000106873940808
2022-01-02,10,418.6828,2631786752,0.0000159086894769
2022-01-02,102,47.125526,411590560,0.0000114496131687
2022-01-02,1026,0.07050933,46997964,0.0000001500263469
2022-01-02,103,11.335545,643207488,0.0000017623465354
2022-01-02,10354,1.1817892,17318542,0.0000068238371398
2022-01-02,104,35.635647,144413952,0.0000246760407663
2022-01-02,11,181.22527,1451885312,0.0000124820644487
2022-01-02,117,1.7068686,230431920,0.0000007407257918
2022-01-02,120,200.70076,2144443776,0.0000093591054906
2022-01-02,132,0.66470426,33287706,0.0000019968460663
2022-01-02,136,18.12471,42988940,0.0000421613322032
2022-01-02,14,361.6968,560203200,0.0000645652903586
2022-01-02,143,0.1547462,773971456,0.0000000199937872
2022-01-02,144,74.08556,171924160,0.0000430920039207
2022-01-02,145,92.07083,356574240,0.0000258209439608
2022-01-02,149,67.270386,197944640,0.0000339844433483
2022-01-02,1505,0.15999082,20797.709,0.0007692713552387
2022-01-02,159,80.067474,122335616,0.0000654490293073
2022-01-02,16,50.360466,134711920,0.0000373838219048
2022-01-02,1632,0.9648456,249987.23,0.0003859579464915
2022-01-02,178,0.47289783,20324540,0.0000023267332949
2022-01-02,186,8.908045,142755504,0.00000624007086
2022-01-02,19,45.72827,1328016640,0.0000034433508489
2022-01-02,196,54.44111,184234080,0.0000295499660297
2022-01-02,197,5.295855,748790592,0.0000007072544772
2022-01-02,2,7635.367,21257357312,0.0000359187026788
2022-01-02,20,98.2866,1663112192,0.000005909799583
2022-01-02,21,521.73425,1503122816,0.0000347100211684
2022-01-02,230,2.725069,18851998,0.0000144550682535
2022-01-02,243,2.252668,178232368,0.0000012638937896
2022-01-02,26,119.08766,805766144,0.0000147794324334
2022-01-02,264,1.92436,3330356992,0.0000000577823955
2022-01-02,267,58.68575,40727996,0.0001440919163542
2022-01-02,272,2.8893833,75441840,0.0000038299482696
2022-01-02,28,3.3930564,467165152,0.0000007263076807
2022-01-02,287,3.962627,58489072,0.0000067749866162
2022-01-02,288,1.1539814,114325328,0.0000010093838654
2022-01-02,29,1930.3647,604111936,0.0003195375938958
2022-01-02,3,527.0361,94205739008,0.0000005594521735
2022-01-02,31,3.5561488,809125440,0.0000004395052322
2022-01-02,334,0.7425771,190426944,0.0000003899538026
2022-01-02,35,46.43844,643286016,0.0000072189408229
2022-01-02,357,15.230833,335741472,0.0000045364764389
2022-01-02,370,15.610508,17281218,0.0000903322188606
2022-01-02,373,0.27305165,106889232,0.0000002554529033
2022-01-02,39,251.87003,417172832,0.0000603754642725
2022-01-02,397,5.7616434,57577400,0.0000100067794051
2022-01-02,4,1886.9202,94205739008,0.0000020029778725
2022-01-02,42,74.38447,339036160,0.0000219399808543
2022-01-02,434,99.1481,3207504.2,0.0030911291105439886
2022-01-02,4363,40.091385,21431060,0.0001870714072538
2022-01-02,460,551.3776,6018987008,0.0000091606381147
2022-01-02,472,0.057224844,4284244.5,0.0000013357044359
2022-01-02,5,1556.1067,3525608192,0.0000441372549176
2022-01-02,52,13.477381,681703296,0.0000019770157067
2022-01-02,569,20.484932,6018987008,0.0000003403385351
2022-01-02,6,627.8727,2357953280,0.0000266278675554
2022-01-02,62,8.031019,28365044,0.0000283130844991
2022-01-02,633,0.3648754,156781152,0.0000002327291249
2022-01-02,69,0.2751843,75626056,0.0000003638749968
2022-01-02,7,1823.5905,5777939456,0.0000315612595614
2022-01-02,71,68.11332,241768432,0.0000281729569451
2022-01-02,731,1.7595375,2430702.8,0.0000723880134501
2022-01-02,747,8.092733,12781660,0.0000633151955753
2022-01-02,7622,2.352387,71615.086,0.003284764534328133
2022-01-02,79,299.48495,560859968,0.0000533974571226
2022-01-02,8,619.6323,1846459392,0.0000335578647537
2022-01-02,80,1.85959,23542300,0.0000078989309316
2022-01-02,805,1.827031,1830922.5,0.0000997874622044
2022-01-02,806,9.386341,803282880,0.0000011684975654
2022-01-02,808,0.90247315,4896487.5,0.0000184310309237
2022-01-02,81,20.924011,1418699008,0.0000014748732013
2022-01-02,9,229.61955,809504448,0.0000283654458144
2022-01-02,99,0.36310557,434244832,0.0000000836177072
2022-01-03,1,5978.8403,61189685248,0.0000097709936142
2022-01-03,10,515.4955,2970581760,0.0000173533507564
2022-01-03,102,68.969604,450426048,0.0000153120822688
2022-01-03,103,42.986893,715584384,0.0000060072430585
2022-01-03,104,461.58362,182424640,0.0002530270194256
2022-01-03,11,45.867973,2175177728,0.000002108700059
2022-01-03,120,55.011242,2070213760,0.0000026572735123
2022-01-03,136,2.5371754,64719672,0.0000039202539881
2022-01-03,1388,14.559486,5818757.0,0.0002502164306861
2022-01-03,14,519.32355,705320896,0.0000736293998216
2022-01-03,143,0.9223375,753049856,0.0000001224802704
2022-01-03,144,0.9399831,201734784,0.0000004659499453
2022-01-03,145,111.96846,687930624,0.0000162761267575
2022-01-03,149,79.74849,260893616,0.0000305674348056
2022-01-03,159,67.674515,149236896,0.0000453470391903
2022-01-03,16,86.81063,251609840,0.0000345020822579
2022-01-03,165,4.3378963,53508032,0.000008107000582
2022-01-03,173,10.262958,122464504,0.0000083803527673
2022-01-03,178,0.28447393,839137024,0.0000000339007711
2022-01-03,186,15.657272,170639152,0.0000091756625409
2022-01-03,19,110.377396,1255738112,0.0000087898420986
2022-01-03,196,58.750267,112517880,0.0000522141590409
2022-01-03,197,0.42046902,708704000,0.0000000593292859
2022-01-03,2,4914.342,21615097856,0.0000227356906635
2022-01-03,20,87.1885,2663958528,0.0000032728923571
2022-01-03,2095,3.345239,8422938.0,0.0000397158203214
2022-01-03,2099,1.8478998,1336472.0,0.0001382670006933
2022-01-03,21,486.4997,1488908544,0.0000326749216129
2022-01-03,243,1.4038138,177414096,0.0000007912639433
2022-01-03,26,59.737484,671489408,0.0000088962657685
2022-01-03,264,7.709508,2922745600,0.0000002637762231
2022-01-03,267,93.16085,40727996,0.000228739099839
2022-01-03,272,0.22774248,109276408,0.0000002084095563
2022-01-03,28,3.129376,498740192,0.0000006274561315
2022-01-03,287,12.462849,61473080,0.0000202736686106
2022-01-03,29,3500.746,447788160,0.0007817861842341
2022-01-03,3,1312.1093,94596759552,0.0000013870551818
2022-01-03,31,0.5324159,898119936,0.0000000592811633
2022-01-03,334,0.6020973,399448544,0.0000001507321268
2022-01-03,35,222.80397,692409280,0.0000321780731838
2022-01-03,370,156.26535,20439028,0.0007645439836779
2022-01-03,373,0.6121367,109447576,0.0000005592967423
2022-01-03,39,432.46185,461661888,0.0000936750154779
2022-01-03,397,2.146463,66823128,0.0000032121558746
2022-01-03,4,3208.5132,94596759552,0.0000033917793019
2022-01-03,42,65.95155,388920896,0.0000169575756104
2022-01-03,434,99.45818,71499552,0.0001391032242282
2022-01-03,4363,5.651455,24486780,0.0000230796160849
2022-01-03,46,0.3588155,656594752,0.0000000546479362
2022-01-03,460,186.35045,6115055616,0.0000030474041068
2022-01-03,472,0.19984874,76636904,0.0000002607735139
2022-01-03,4939,0.041351978,763186240,0.0000000054183338
2022-01-03,5,2039.638,3203792128,0.0000636632421447
2022-01-03,500,13.643048,13815492,0.0000987518092188
2022-01-03,52,604.5215,717057152,0.0000843059012823
2022-01-03,526,27.315279,79188848,0.0000344938456465
2022-01-03,569,3.3872123,6115055616,0.0000000553913582
2022-01-03,6,326.13443,2177052672,0.0000149805487126
2022-01-03,61,4.003537,14513457152,0.000000027585001
2022-01-03,62,6.6907244,23932906,0.0000279561731986
2022-01-03,69,0.61331475,73260872,0.0000008371655369
2022-01-03,7,668.0963,5447442432,0.0000122644038925
2022-01-03,71,154.71288,264152832,0.0000585694579058
2022-01-03,731,4.000457,2739151.0,0.000146047329963
2022-01-03,747,16.604364,14505726,0.0001144676502918
2022-01-03,7622,0.40478012,31929.264,0.001267740208277246
2022-01-03,79,63.08786,274867520,0.0000229520964012
2022-01-03,8,1629.9734,1930402048,0.0000844369878905
2022-01-03,80,2.5769486,24258516,0.000010622861879
2022-01-03,806,13.165603,285376064,0.0000046134221776
2022-01-03,808,0.27456838,8812299.0,0.0000031157405544
2022-01-03,81,14.993031,1522920192,0.0000009844922211
2022-01-03,82,1.251255,103297752,0.0000012113090975
2022-01-03,9,370.08682,855171072,0.0000432763499703
2022-01-03,99,16.06571,369484928,0.000004348136784
2022-01-04,1,7483.226,72282120192,0.0000103528037698
2022-01-04,10,830.96844,2934482688,0.0000283173733351
2022-01-04,102,33.301003,485204768,0.0000068632886041
2022-01-04,103,17.258606,800028992,0.0000021572475362
2022-01-04,104,15.997256,205617824,0.0000077800919485
2022-01-04,1073,27.704775,4745649.0,0.0005837931894348
2022-01-04,11,86.494064,3419332864,0.0000025295596728
2022-01-04,117,5.1560993,358487968,0.000001438290731
2022-01-04,120,602.9452,2641707776,0.0000228240679689
2022-01-04,132,1.053865,88509104,0.0000011906854169
2022-01-04,136,65.06391,70342832,0.0000924954406401
2022-01-04,14,577.0402,962755968,0.0000599362920184
2022-01-04,143,23.42131,589738944,0.0000039714709743
2022-01-04,144,0.46577045,529848736,0.0000000879063045
2022-01-04,145,191.79202,659135104,0.0000290975293638
2022-01-04,149,86.855644,619881088,0.0000140116625857
2022-01-04,1505,0.20317781,25588.197,0.0007940294381115
2022-01-04,159,74.073715,147167856,0.0000503328067225
2022-01-04,16,157.9931,211674464,0.000074639660852
2022-01-04,173,16.291395,264956704,0.0000061487007486
2022-01-04,186,16.45849,175927936,0.0000093552458225
2022-01-04,19,122.79824,1583813376,0.0000077533279352
2022-01-04,196,156.9176,196640704,0.0000797991447143
2022-01-04,197,49.832047,904502912,0.0000055093295259
2022-01-04,2,6066.711,26360610816,0.0000230143029967
2022-01-04,20,187.98131,3612202752,0.0000052040629583
2022-01-04,21,708.4797,1649616000,0.000042948155965
2022-01-04,230,0.5193369,780670400,0.0000000665244748
2022-01-04,243,0.18265492,203537904,0.0000000897399988
2022-01-04,248,0.05813129,259933008,0.000000022363951
2022-01-04,26,142.36665,921003712,0.0000154577719513
2022-01-04,264,9.313226,3857975808,0.0000002414018763
2022-01-04,267,359.45477,40727996,0.0008825742042973
2022-01-04,272,0.2529074,116496376,0.0000002170946534
2022-01-04,28,14.006429,845033152,0.000001657500448
2022-01-04,29,2110.6755,396692960,0.000532067815584
2022-01-04,3,1230.3375,118138224640,0.0000010414390239
2022-01-04,31,3.519766,1906333440,0.0000001846353848
2022-01-04,334,1.5693805,158065248,0.0000009928688094
2022-01-04,35,209.15588,704042816,0.0000297078344147
2022-01-04,370,139.97838,35433944,0.0003950403424824
2022-01-04,39,35.71329,604328576,0.0000059095818017
2022-01-04,397,5.29925,61768684,0.0000085791860727
2022-01-04,4,2791.2136,118138224640,0.0000023626675727
2022-01-04,42,61.717,408332640,0.0000151143922267
2022-01-04,434,74.84218,101189968,0.0000739620531931
2022-01-04,4363,9.526526,88091696,0.0000108143296984
2022-01-04,439,1.4578179,38379608,0.0000037984179357
2022-01-04,460,459.2567,7826779648,0.0000058677610326
2022-01-04,5,1600.0121,4252278272,0.0000376271714231
2022-01-04,52,77.27665,1461209216,0.0000052885411606
2022-01-04,523,0.8692734,92088592,0.0000009439534487
2022-01-04,569,357.7563,7826779648,0.0000045709256824
2022-01-04,6,1137.1755,2937971200,0.0000387061504625
2022-01-04,62,3.7434773,19200326,0.0000194969473455
2022-01-04,7,914.2745,6502131712,0.0000140611490451
2022-01-04,70,0.48456624,277447968,0.0000001746512157
2022-01-04,71,136.22131,303517952,0.0000448808094689
2022-01-04,731,0.7423079,3577223.8,0.0000207509501138
2022-01-04,747,91.03349,14674813,0.0006203383691172
2022-01-04,7622,0.17336583,56072.715,0.0003091803819188
2022-01-04,79,153.40573,707344064,0.0000216875690739
2022-01-04,8,1244.6602,2086417408,0.0000596553775267
2022-01-04,808,1.1744347,6458439.5,0.0000181844953318
2022-01-04,81,88.48082,1741006592,0.0000050821643782
2022-01-04,9,202.50357,1104843904,0.0000183287042432
2022-01-04,93,18.896957,304685696,0.0000062021150882
2022-01-04,99,24.620533,476285792,0.0000051692772729
