"date1","network_id","avg_duration_seconds","median_duration_seconds","amount_of_exchange","our_volume_sum","median_volume","avg_volume_per_exchange","prev_valume","volume_growth_pct"
2021-12-19,5,185.58,148.0,256,828.0397,0.41458655893802643,3.2345312500000000,,
2021-12-19,20,865.00,163.0,4,3.2882295,0.7749983817338943,0.82205750000000000000,,
2021-12-19,29,160.50,160.5,2,0.15099648,0.07549823448061943,0.07549800000000000000,,
2021-12-19,41,36700.40,255.0,41,86.96979,0.6071814298629761,2.1212146341463415,,
2021-12-19,47,186.18,149.0,374,886.42163,0.4910070151090622,2.3701122994652406,,
2021-12-19,50,253.73,172.0,1172,6116.674,0.6178889870643616,5.2190017064846416,,
2021-12-19,54,209.75,214.5,4,2.1428196,0.3272334635257721,0.53570500000000000000,,
2021-12-19,79,255.42,202.0,26,62.08014,0.27709081768989563,2.3876961538461538,,
2021-12-19,83,214.28,149.0,47,52.171585,0.22897838056087494,1.1100340425531915,,
2021-12-19,87,181.49,137.0,103,120.51013,0.1870986521244049,1.1700000000000000,,
2021-12-19,89,213.69,157.0,36,75.4014,0.3009413778781891,2.0944833333333333,,
2021-12-19,104,227.08,189.5,38,29.898443,0.2233678624033928,0.78680000000000000000,,
2021-12-19,105,607.75,154.0,1052,6080.8687,1.0692297220230103,5.7802946768060837,,
2021-12-19,116,116.80,114.0,5,1.3197092,0.06736895442008972,0.26394200000000000000,,
2021-12-19,130,127.00,127.0,2,0.6409465,0.32047324255108833,0.32047350000000000000,,
2021-12-19,133,375.08,141.0,66,266.8416,0.7602493166923523,4.0430606060606061,,
2021-12-19,151,211.00,208.0,4,2.5243225,0.4426020532846451,0.63108000000000000000,,
2021-12-19,176,221.13,192.5,412,427.82352,0.3587140291929245,1.0384077669902913,,
2021-12-19,178,2495.20,281.0,5,12.499067,1.0233979225158691,2.4998200000000000,,
2021-12-19,214,488.50,132.0,12,11.735323,0.16163945198059082,0.97794166666666666667,,
2021-12-19,233,546.67,649.5,6,2.196797,0.21258143708109856,0.36613333333333333333,,
2021-12-19,241,186.70,134.5,92,107.04452,0.08640992268919945,1.1635326086956522,,
2021-12-19,257,473.97,147.0,114,317.64847,0.6924673318862915,2.7863859649122807,,
2021-12-19,271,223.26,184.0,35,257.19467,0.4093436300754547,7.3484285714285714,,
2021-12-19,277,371.98,179.0,1055,1615.8206,0.19396919012069702,1.5315829383886256,,
2021-12-19,288,182.39,168.0,77,690.192,0.455667108297348,8.9635324675324675,,
2021-12-19,292,580.00,202.0,4,23.047024,0.6975139081478119,5.7617500000000000,,
2021-12-19,303,613.63,138.0,333,703.7178,0.4181995689868927,2.1132672672672673,,
2021-12-19,305,416.20,192.0,304,1170.7344,0.6845434010028839,3.8510855263157895,,
2021-12-19,308,431.56,152.0,289,1316.5862,0.5425240397453308,4.5556747404844291,,
2021-12-19,309,213.82,160.0,33,24.657328,0.1473977267742157,0.74719090909090909091,,
2021-12-19,310,160.67,127.0,9,34.380085,0.16268451511859894,3.8200111111111111,,
2021-12-19,317,254.33,193.0,21,17.304949,0.1967475712299347,0.82404285714285714286,,
2021-12-19,320,172.55,157.0,74,344.3375,0.3034045100212097,4.6532027027027027,,
2021-12-20,5,315.38,148.0,258,1013.417,0.43412233889102936,3.9279844961240310,828.0397,22.39
2021-12-20,20,158.92,166.0,13,17.494995,0.39180973172187805,1.3457692307692308,3.2882295,432.05
2021-12-20,29,150.50,150.5,2,0.343734,0.1718669943511486,0.17186700000000000000,0.15099648,127.64
2021-12-20,41,22178.92,1025.0,8,3.3168974,0.2477174736559391,0.41461250000000000000,86.96979,-96.19
2021-12-20,47,205.01,155.0,374,1859.6581,0.7461501061916351,4.9723529411764706,886.42163,109.79
2021-12-20,50,337.53,176.0,1301,6802.54,0.6150000095367432,5.2287009992313605,6116.674,11.21
2021-12-20,54,1595.00,206.0,9,27.013504,0.6825991868972778,3.0015000000000000,2.1428196,1160.65
2021-12-20,79,185.81,121.0,52,72.91721,0.4171663820743561,1.4022538461538462,62.08014,17.46
2021-12-20,83,207.31,151.0,39,93.20994,0.3412853181362152,2.3899974358974359,52.171585,78.66
2021-12-20,87,284.78,148.0,138,312.42065,0.3021324723958969,2.2639202898550725,120.51013,159.25
2021-12-20,89,392.48,179.0,44,500.40378,0.520216703414917,11.3728181818181818,75.4014,563.65
2021-12-20,104,184.19,141.0,37,39.55383,0.357906699180603,1.0690216216216216,29.898443,32.29
2021-12-20,105,456.62,156.0,1127,11571.781,1.2782764434814453,10.2677905944986690,6080.8687,90.30
2021-12-20,116,109.29,106.0,7,81.335785,0.10400313138961792,11.6194000000000000,1.3197092,6063.16
2021-12-20,130,126.00,126.0,1,0.15659302,0.15659302473068237,0.15659300000000000000,0.6409465,-75.57
2021-12-20,133,304.53,146.5,76,478.81677,1.026023268699646,6.3002236842105263,266.8416,79.44
2021-12-20,151,903.33,216.0,3,2.9861388,0.4994537830352783,0.99538000000000000000,2.5243225,18.29
2021-12-20,176,268.65,180.0,472,591.71106,0.3520187735557556,1.2536250000000000,427.82352,38.31
2021-12-20,178,7483.09,223.0,11,324.4489,2.5031344890594482,29.4953636363636364,12.499067,2495.79
2021-12-20,197,541.50,541.5,2,0.9617297,0.48086484149098396,0.48086500000000000000,,
2021-12-20,214,301.50,148.5,8,8.105883,0.16365575790405273,1.01323500000000000000,11.735323,-30.93
2021-12-20,233,1081.50,92.0,4,2.8218064,0.4198302924633026,0.70545250000000000000,2.196797,28.45
2021-12-20,241,235.52,128.0,93,43.23161,0.18551191687583923,0.46485591397849462366,107.04452,-59.61
2021-12-20,257,302.34,156.5,116,868.9175,0.5555984377861023,7.4906637931034483,317.64847,173.55
2021-12-20,271,271.85,182.0,65,414.09396,0.49721869826316833,6.3706769230769231,257.19467,61.00
2021-12-20,277,972.86,205.0,1403,8240.169,0.18806591629981995,5.8732501781895937,1615.8206,409.97
2021-12-20,288,269.07,147.0,94,475.306,0.42278634011745453,5.0564468085106383,690.192,-31.13
2021-12-20,292,174.40,124.0,5,4.6017,0.2639356851577759,0.92034000000000000000,23.047024,-80.03
2021-12-20,303,825.23,135.0,349,640.2093,0.41814979910850525,1.8344097421203438,703.7178,-9.02
2021-12-20,305,395.90,200.0,383,3228.913,0.9234225153923035,8.4305744125326371,1170.7344,175.80
2021-12-20,308,1302.81,164.0,399,1335.6498,0.40552300214767456,3.3474937343358396,1316.5862,1.45
2021-12-20,309,368.86,158.0,37,59.083035,0.2009395807981491,1.5968378378378378,24.657328,139.62
2021-12-20,310,247.50,178.5,12,20.989807,0.3885973393917084,1.7491500000000000,34.380085,-38.95
2021-12-20,317,517.87,158.0,39,196.13261,0.5278513431549072,5.0290512820512821,17.304949,1033.39
2021-12-20,320,183.02,138.0,98,248.644,0.3016727864742279,2.5371836734693878,344.3375,-27.79
2021-12-21,1,93.00,93.0,1,0.19164248,0.19164247810840607,0.19164200000000000000,,
2021-12-21,5,47938.20,251.0,7,16.742352,1.7429944276809692,2.3917714285714286,1013.417,-98.35
2021-12-21,20,178.22,181.0,9,34.942547,0.7632697820663452,3.8825000000000000,17.494995,99.73
2021-12-21,29,280.67,140.5,6,11.54299,0.18734189122915268,1.9238333333333333,0.343734,3258.12
2021-12-21,47,249.76,168.0,371,1731.072,0.7494682669639587,4.6659568733153639,1859.6581,-6.91
2021-12-21,50,471.28,177.0,1350,5181.203,0.6534605622291565,3.8379259259259259,6802.54,-23.83
2021-12-21,54,174.14,176.0,7,7.531704,0.8445944786071777,1.07595714285714285714,27.013504,-72.12
2021-12-21,79,212.81,129.5,48,63.79352,0.3479147255420685,1.3290312500000000,72.91721,-12.51
2021-12-21,83,226.21,172.0,39,41.70354,0.26430389285087585,1.0693205128205128,93.20994,-55.26
2021-12-21,87,1709.43,154.0,135,226.70438,0.2663637399673462,1.6792888888888889,312.42065,-27.44
2021-12-21,89,205.35,173.0,46,286.3586,0.6032577753067017,6.2251956521739130,500.40378,-42.77
2021-12-21,104,229.93,158.0,27,41.61011,0.29777878522872925,1.5411148148148148,39.55383,5.20
2021-12-21,105,393.81,157.0,1216,8958.437,1.2609840035438538,7.3671381578947368,11571.781,-22.58
2021-12-21,116,156.60,126.0,5,7.241162,0.250386506319046,1.4482320000000000,81.335785,-91.10
2021-12-21,130,257.00,257.0,1,1.2123194,1.2123193740844727,1.21232000000000000000,0.15659302,674.19
2021-12-21,133,175.65,133.0,65,236.75873,0.7785894274711609,3.6424461538461538,478.81677,-50.55
2021-12-21,151,182.67,137.0,3,5.33786,0.5096808671951294,1.7792866666666667,2.9861388,78.75
2021-12-21,176,263.44,176.0,429,1182.5576,0.46004718542099,2.7565501165501166,591.71106,99.85
2021-12-21,178,220.50,220.5,2,2.2923586,1.146179348230362,1.14618000000000000000,324.4489,-99.29
2021-12-21,214,184.00,144.5,8,1.7676026,0.08943332731723785,0.22095000000000000000,8.105883,-78.19
2021-12-21,233,130.67,117.0,3,6.746956,0.8891457915306091,2.2489866666666667,2.8218064,139.10
2021-12-21,241,261.07,142.5,112,40.41367,0.12015968561172485,0.36083660714285714286,43.23161,-6.52
2021-12-21,257,731.25,151.5,132,312.8854,0.5345951914787292,2.3703409090909091,868.9175,-63.99
2021-12-21,271,345.87,158.0,69,593.7558,1.24229896068573,8.6051594202898551,414.09396,43.39
2021-12-21,277,323.89,177.0,1053,1641.1276,0.19012762606143951,1.5585280151946819,8240.169,-80.08
2021-12-21,288,583.97,162.0,97,189.50237,0.32853859663009644,1.9536288659793814,475.306,-60.13
2021-12-21,292,128.33,108.0,3,1.0799013,0.1810629814863205,0.35996666666666666667,4.6017,-76.53
2021-12-21,303,272.61,131.0,408,1134.1257,0.41816654801368713,2.7797303921568627,640.2093,77.15
2021-12-21,305,254.70,186.0,396,3628.2395,0.8773019015789032,9.1622222222222222,3228.913,12.37
2021-12-21,308,349.73,154.0,325,1177.0927,0.5875082612037659,3.6218153846153846,1335.6498,-11.87
2021-12-21,309,295.53,165.0,36,48.092926,0.19403918087482452,1.3359138888888889,59.083035,-18.60
2021-12-21,310,206.83,149.5,6,7.128413,0.08719633519649506,1.1880683333333333,20.989807,-66.04
2021-12-21,317,205.18,143.5,28,31.271309,0.25159111618995667,1.1168321428571429,196.13261,-84.06
2021-12-21,320,399.43,179.0,124,214.38213,0.3083231896162033,1.7288870967741935,248.644,-13.78
2021-12-22,13,248.55,170.0,11,17.729897,0.21801729500293732,1.6118090909090909,,
2021-12-22,20,147.11,134.0,9,41.170544,4.674415588378906,4.5745000000000000,34.942547,17.82
2021-12-22,41,11317.32,176.0,96,158.03383,0.5071584284305573,1.6461875000000000,3.3168974,4664.51
2021-12-22,47,396.62,150.0,399,1340.223,0.45576268434524536,3.3589473684210526,1731.072,-22.58
2021-12-22,50,693.23,174.0,1382,8630.312,0.6155350208282471,6.2447973950795948,5181.203,66.57
2021-12-22,54,156.38,143.0,8,6.1550245,0.24825026094913483,0.76937750000000000000,7.531704,-18.28
2021-12-22,79,151.55,129.0,29,37.074997,0.328173965215683,1.2784482758620690,63.79352,-41.88
2021-12-22,83,185.23,151.5,40,46.64628,0.5025594383478165,1.1661575000000000,41.70354,11.85
2021-12-22,87,167.49,146.5,106,129.85847,0.2976691424846649,1.2250754716981132,226.70438,-42.72
2021-12-22,89,175.75,172.0,57,592.4198,0.8099853992462158,10.3933333333333333,286.3586,106.88
2021-12-22,104,193.06,168.0,48,76.76061,0.32204610109329224,1.5991791666666667,41.61011,84.48
2021-12-22,105,1253.65,166.0,1212,10930.599,1.5215380191802979,9.0186468646864686,8958.437,22.01
2021-12-22,116,123.43,100.0,7,1.5012757,0.10439009219408035,0.21446857142857142857,7.241162,-79.27
2021-12-22,133,174.24,134.0,49,177.9753,0.4663110375404358,3.6321428571428571,236.75873,-24.83
2021-12-22,151,137.40,147.0,5,4.4132853,0.2190166860818863,0.88265800000000000000,5.33786,-17.32
2021-12-22,176,283.00,168.0,464,824.9351,0.4018074721097946,1.7778771551724138,1182.5576,-30.24
2021-12-22,178,13583.40,231.5,10,84.6322,3.778613805770874,8.4632200000000000,2.2923586,3591.93
2021-12-22,197,172.00,182.0,3,0.3461637,0.11891372501850128,0.11538800000000000000,0.9617297,-64.01
2021-12-22,214,140.50,143.0,10,10.950623,0.17246374487876892,1.09506000000000000000,1.7676026,519.52
2021-12-22,233,163.50,163.5,2,1.6369867,0.8184933569282293,0.81849500000000000000,6.746956,-75.74
2021-12-22,241,168.55,138.0,111,45.58378,0.14374104142189026,0.41066486486486486486,40.41367,12.79
2021-12-22,257,226.60,150.0,180,557.52423,1.0560413002967834,3.0973555555555556,312.8854,78.19
2021-12-22,271,1451.04,168.0,53,316.82193,0.9672257900238037,5.9777735849056604,593.7558,-46.64
2021-12-22,277,293.23,174.0,1026,1434.2,0.18890058994293213,1.3978557504873294,1641.1276,-12.61
2021-12-22,288,259.69,160.0,118,507.09427,0.5113522112369537,4.2974067796610169,189.50237,167.59
2021-12-22,292,127.86,108.0,7,3.5985696,0.35102251172065735,0.51408142857142857143,1.0799013,233.23
2021-12-22,303,186.13,136.0,398,1106.6432,0.4628547877073288,2.7805025125628141,1134.1257,-2.42
2021-12-22,305,238.64,201.0,343,2088.72,0.7580457925796509,6.0895626822157434,3628.2395,-42.43
2021-12-22,308,718.11,152.0,339,2008.9554,0.5374484062194824,5.9261356932153392,1177.0927,70.67
2021-12-22,309,515.11,119.0,35,52.5113,0.6845713257789612,1.5003228571428571,48.092926,9.19
2021-12-22,310,148.33,176.0,3,1.4152561,0.0986979603767395,0.47175333333333333333,7.128413,-80.15
2021-12-22,317,301.74,157.0,35,112.531784,0.2885795533657074,3.2152000000000000,31.271309,259.86
2021-12-22,320,189.97,172.0,133,114.479355,0.22696718573570251,0.86074436090225563910,214.38213,-46.60
2021-12-23,5,7295.40,796.0,5,22.38819,0.848513662815094,4.4776400000000000,16.742352,33.72
2021-12-23,13,430.33,147.5,24,13.741574,0.2488466054201126,0.57256666666666666667,17.729897,-22.49
2021-12-23,20,158.50,142.0,6,33.25737,5.141503572463989,5.5429000000000000,41.170544,-19.22
2021-12-23,29,268.33,203.0,9,13.676086,0.2438371777534485,1.5195666666666667,11.54299,18.48
2021-12-23,41,341.23,152.5,270,838.6469,0.32952553033828735,3.1061000000000000,158.03383,430.68
2021-12-23,47,1517.86,164.0,485,2182.4927,0.5015632510185242,4.4999793814432990,1340.223,62.85
2021-12-23,50,1347.64,175.0,1370,16009.532,0.5392312109470367,11.6857664233576642,8630.312,85.50
2021-12-23,54,387.50,221.5,6,9.398146,0.6430110186338425,1.5663583333333333,6.1550245,52.69
2021-12-23,79,792.10,178.0,40,109.07512,0.3924407809972763,2.7268750000000000,37.074997,194.20
2021-12-23,83,188.46,129.0,39,142.08977,0.2133021205663681,3.6433333333333333,46.64628,204.61
2021-12-23,87,346.49,141.0,136,138.66522,0.23754054307937622,1.0195955882352941,129.85847,6.78
2021-12-23,89,556.58,163.0,53,177.61496,0.5389052033424377,3.3512264150943396,592.4198,-70.02
2021-12-23,104,267.83,156.0,29,12.688895,0.19154539704322815,0.43754827586206896552,76.76061,-83.47
2021-12-23,105,785.20,172.0,1243,29851.596,1.5738946199417114,24.0157683024939662,10930.599,173.10
2021-12-23,114,643.00,643.0,1,0.13831677,0.13831676542758942,0.13831700000000000000,,
2021-12-23,116,122.00,124.0,7,1.5509006,0.10116998106241226,0.22155714285714285714,1.5012757,3.31
2021-12-23,130,214.00,214.0,2,2.0898802,1.0449401214718819,1.04494000000000000000,1.2123194,72.39
2021-12-23,133,171.11,138.0,57,217.17186,0.8871644735336304,3.8100350877192982,177.9753,22.02
2021-12-23,151,189.00,189.0,2,1.0169387,0.5084693431854248,0.50847000000000000000,4.4132853,-76.96
2021-12-23,176,722.86,183.0,401,504.03336,0.41537973284721375,1.2569401496259352,824.9351,-38.90
2021-12-23,178,471.89,189.0,9,372.26248,6.922829627990723,41.3624444444444444,84.6322,339.86
2021-12-23,197,1913.67,127.0,21,6.0067163,0.18897393345832825,0.28603428571428571429,0.3461637,1635.22
2021-12-23,214,131.88,129.0,8,0.9836547,0.06567135639488697,0.12295687500000000000,10.950623,-91.02
2021-12-23,233,219.71,180.0,7,5.023119,0.2981209456920624,0.71758857142857142857,1.6369867,206.85
2021-12-23,241,298.81,142.0,118,31.103285,0.0907612144947052,0.26358728813559322034,45.58378,-31.77
2021-12-23,257,228.51,145.0,156,295.4948,0.5666114389896393,1.8941987179487179,557.52423,-47.00
2021-12-23,271,993.08,153.0,71,317.14688,0.8610888123512268,4.4668591549295775,316.82193,0.10
2021-12-23,277,319.28,177.0,1121,3589.6882,0.18712717294692993,3.2022212310437110,1434.2,150.29
2021-12-23,288,496.01,181.0,107,496.81433,0.5685329437255859,4.6431214953271028,507.09427,-2.03
2021-12-23,292,199.70,143.5,10,2.698868,0.2048221379518509,0.26988700000000000000,3.5985696,-25.00
2021-12-23,303,403.25,139.0,433,772.11743,0.43873131275177,1.7831801385681293,1106.6432,-30.23
2021-12-23,305,383.53,174.0,405,2578.8208,0.8526169657707214,6.3674567901234568,2088.72,23.46
2021-12-23,308,12513.64,171.5,336,1268.3308,0.46778008341789246,3.7747916666666667,2008.9554,-36.87
2021-12-23,309,314.81,145.0,42,173.15097,0.34013110399246216,4.1226428571428571,52.5113,229.74
2021-12-23,310,171.00,165.0,10,18.947811,0.31259679794311523,1.8947800000000000,1.4152561,1238.83
2021-12-23,317,628.74,157.0,39,697.47845,0.6571313738822937,17.8840512820512821,112.531784,519.81
2021-12-23,320,214.22,170.0,111,398.22946,0.1838512271642685,3.5876486486486486,114.479355,247.86
2021-12-24,5,350.74,159.0,111,721.25775,0.43402817845344543,6.4978198198198198,22.38819,3121.60
2021-12-24,13,438.67,169.5,18,16.32747,0.1968674287199974,0.90708333333333333333,13.741574,18.82
2021-12-24,20,281.93,233.0,14,121.89704,10.916208267211914,8.7069285714285714,33.25737,266.53
2021-12-24,29,678.50,168.5,4,0.80429196,0.1416977420449257,0.20107300000000000000,13.676086,-94.12
2021-12-24,41,356.44,167.0,247,336.4808,0.3761710226535797,1.3622712550607287,838.6469,-59.88
2021-12-24,47,410.30,180.0,375,1438.1351,0.5393934845924377,3.8350400000000000,2182.4927,-34.11
2021-12-24,50,2688.25,165.5,1198,3780.56,0.4781624972820282,3.1557262103505843,16009.532,-76.39
2021-12-24,54,190.20,173.0,10,18.724367,0.3891928642988205,1.8724400000000000,9.398146,99.23
2021-12-24,79,3222.09,167.0,55,160.3583,1.4144307374954224,2.9156000000000000,109.07512,47.02
2021-12-24,83,4456.03,164.5,58,170.34334,0.24757500737905502,2.9369482758620690,142.08977,19.88
2021-12-24,87,229.07,159.0,153,590.76,0.3111129105091095,3.8611764705882353,138.66522,326.03
2021-12-24,89,978.41,164.0,49,160.25923,0.42884621024131775,3.2705918367346939,177.61496,-9.77
2021-12-24,104,650.28,139.0,39,37.155334,0.2287798672914505,0.95270000000000000000,12.688895,192.82
2021-12-24,105,457.28,160.5,1168,8013.306,1.2339068055152893,6.8607106164383562,29851.596,-73.16
2021-12-24,116,116.00,116.0,2,0.15978663,0.0798933133482933,0.07989350000000000000,1.5509006,-89.70
2021-12-24,133,211.42,145.5,78,508.68906,0.4925744831562042,6.5216538461538462,217.17186,134.23
2021-12-24,151,129.50,128.0,4,0.67529655,0.15820879861712456,0.16882425000000000000,1.0169387,-33.60
2021-12-24,176,836.82,179.0,361,619.66815,0.3488125205039978,1.7165318559556787,504.03336,22.94
2021-12-24,178,4383.36,219.0,11,33.755257,1.4777674674987793,3.0686636363636364,372.26248,-90.93
2021-12-24,197,144.54,120.5,26,12.261314,0.12136951461434364,0.47158846153846153846,6.0067163,104.13
2021-12-24,214,150.43,135.0,7,1.1262194,0.13595594465732574,0.16088857142857142857,0.9836547,14.49
2021-12-24,233,153.30,136.5,10,18.433416,0.15202320367097855,1.8433400000000000,5.023119,266.97
2021-12-24,241,275.44,141.0,124,50.758507,0.08832357451319695,0.40934274193548387097,31.103285,63.19
2021-12-24,257,629.69,146.5,170,1481.4946,0.5185066163539886,8.7146470588235294,295.4948,401.36
2021-12-24,271,354.60,155.5,52,233.16212,0.7194341719150543,4.4838846153846154,317.14688,-26.48
2021-12-24,277,51195.12,179.5,1080,1419.0289,0.2085864618420601,1.3139166666666667,3589.6882,-60.47
2021-12-24,288,255.56,155.0,85,299.7801,0.48978766798973083,3.5268235294117647,496.81433,-39.66
2021-12-24,292,313.50,119.5,4,0.37743378,0.09113138914108276,0.09435850000000000000,2.698868,-86.02
2021-12-24,303,276.57,137.0,378,627.4765,0.45087556540966034,1.6599920634920635,772.11743,-18.73
2021-12-24,305,352.61,196.0,329,1749.5723,0.6245318651199341,5.3178419452887538,2578.8208,-32.16
2021-12-24,308,292.02,152.5,404,1519.9645,0.6191238760948181,3.7622772277227723,1268.3308,19.84
2021-12-24,309,386.80,160.0,49,29.451838,0.1686018854379654,0.60105714285714285714,173.15097,-82.99
2021-12-24,310,210.00,170.0,17,8.743908,0.12958389520645142,0.51434764705882352941,18.947811,-53.85
2021-12-24,317,207.74,161.0,38,513.091,1.005577340722084,13.5023947368421053,697.47845,-26.44
2021-12-24,320,267.05,169.0,103,87.86352,0.18513941764831543,0.85304368932038834951,398.22946,-77.94
2021-12-25,5,311.14,176.0,263,1504.2728,0.46782681345939636,5.7196577946768061,721.25775,108.56
2021-12-25,13,172.88,165.5,16,42.73057,0.8997256457805634,2.6706625000000000,16.32747,161.71
2021-12-25,20,158.33,168.0,3,12.680212,0.39827385544776917,4.2267333333333333,121.89704,-89.60
2021-12-25,29,237.20,163.0,10,3.4480228,0.21461839228868484,0.34480200000000000000,0.80429196,328.70
2021-12-25,41,343.43,166.0,201,349.93497,0.3146549165248871,1.7409701492537313,336.4808,4.00
2021-12-25,47,258.87,186.0,349,1293.7422,0.601962149143219,3.7069914040114613,1438.1351,-10.04
2021-12-25,50,637.89,175.0,985,9760.811,0.5790317058563232,9.9094517766497462,3780.56,158.18
2021-12-25,54,134.50,138.0,6,5.889252,0.2553528696298599,0.98154166666666666667,18.724367,-68.55
2021-12-25,79,800.63,188.5,30,33.034637,0.426739901304245,1.1011533333333333,160.3583,-79.40
2021-12-25,83,167.53,115.0,15,6.7780285,0.10925266891717911,0.45186866666666666667,170.34334,-96.02
2021-12-25,87,185.01,144.5,120,78.42451,0.2939694821834564,0.65353750000000000000,590.76,-86.72
2021-12-25,89,426.22,162.0,27,24.871572,0.7620223760604858,0.92117037037037037037,160.25923,-84.48
2021-12-25,104,245.08,143.0,37,169.91644,0.3656628131866455,4.5923243243243243,37.155334,357.31
2021-12-25,105,1055.05,167.5,902,5927.556,1.2083828449249268,6.5715742793791574,8013.306,-26.03
2021-12-25,114,112.00,112.0,1,0.05613288,0.056132879108190536,0.05613290000000000000,0.13831677,-59.42
2021-12-25,116,181.00,181.0,1,3.3206544,3.3206543922424316,3.3206500000000000,0.15978663,1978.18
2021-12-25,133,534.45,169.0,38,76.14366,0.205803282558918,2.0037815789473684,508.68906,-85.03
2021-12-25,176,829.17,179.0,319,395.06378,0.2974139451980591,1.2384451410658307,619.66815,-36.25
2021-12-25,178,1736.44,222.0,9,13.135409,1.0805772542953491,1.4594888888888889,33.755257,-61.09
2021-12-25,197,2669.33,125.5,12,986.00195,0.8396632075309753,82.1668333333333333,12.261314,7941.57
2021-12-25,214,131.80,116.0,5,2.7372243,0.2246285378932953,0.54744400000000000000,1.1262194,143.05
2021-12-25,233,179.67,159.0,3,0.8453944,0.2512068748474121,0.28179800000000000000,18.433416,-95.41
2021-12-25,241,294.94,150.0,80,22.404314,0.10263463109731674,0.28005375000000000000,50.758507,-55.86
2021-12-25,257,375.94,164.0,125,221.00784,0.3714013397693634,1.7680640000000000,1481.4946,-85.08
2021-12-25,271,466.39,163.0,44,316.78687,0.5738714635372162,7.1997045454545455,233.16212,35.87
2021-12-25,277,3142.75,263.0,1447,2246.8123,0.12131938338279724,1.5527366966136835,1419.0289,58.33
2021-12-25,288,286.00,159.0,77,137.19781,0.38146084547042847,1.7817922077922078,299.7801,-54.23
2021-12-25,292,208.50,208.5,2,0.9267931,0.4633965641260147,0.46339650000000000000,0.37743378,145.55
2021-12-25,303,473.41,143.0,286,394.48105,0.3426608294248581,1.3793041958041958,627.4765,-37.13
2021-12-25,305,238.72,201.0,248,2233.926,0.7374540865421295,9.0077822580645161,1749.5723,27.68
2021-12-25,308,542.14,149.0,310,718.777,0.3622793108224869,2.3186354838709677,1519.9645,-52.71
2021-12-25,309,223.76,161.0,21,26.164164,0.2784438729286194,1.2459142857142857,29.451838,-11.16
2021-12-25,310,237.33,173.5,6,1.3157952,0.2168944701552391,0.21930000000000000000,8.743908,-84.95
2021-12-25,317,191.79,156.0,34,28.221287,0.24232356250286102,0.83003823529411764706,513.091,-94.50
2021-12-25,320,390.52,168.5,112,218.91399,0.18646876513957977,1.9545892857142857,87.86352,149.15
2021-12-26,5,294.34,169.0,277,2053.5024,0.4232412278652191,7.4133574007220217,1504.2728,36.51
2021-12-26,13,189.00,177.5,16,34.769375,0.33620114624500275,2.1730875000000000,42.73057,-18.63
2021-12-26,20,164.60,160.5,10,20.281765,0.4974963068962097,2.0281800000000000,12.680212,59.95
2021-12-26,29,275.10,192.0,10,20.007895,0.49976328015327454,2.0007900000000000,3.4480228,480.27
2021-12-26,41,264.47,153.0,214,635.2223,0.31940723955631256,2.9683271028037383,349.93497,81.53
2021-12-26,47,223.12,153.0,393,1982.3325,0.39058083295822144,5.0440966921119593,1293.7422,53.22
2021-12-26,50,210.88,155.0,1141,4477.933,0.509136974811554,3.9245661700262927,9760.811,-54.12
2021-12-26,54,153.50,152.5,10,37.771515,0.8576638698577881,3.7771500000000000,5.889252,541.36
2021-12-26,79,1059.43,175.0,37,40.38321,0.6023665070533752,1.0914378378378378,33.034637,22.25
2021-12-26,83,170.28,111.5,32,42.695507,0.20542586594820023,1.3342343750000000,6.7780285,529.91
2021-12-26,87,274.48,148.0,128,156.32243,0.29065339267253876,1.2212656250000000,78.42451,99.33
2021-12-26,89,404.02,133.0,59,171.09427,0.45156124234199524,2.8998983050847458,24.871572,587.91
2021-12-26,104,160.89,143.0,54,137.66806,0.11615808308124542,2.5494074074074074,169.91644,-18.98
2021-12-26,105,630.29,158.0,1073,4721.6787,0.9504997730255127,4.4004473438956198,5927.556,-20.34
2021-12-26,114,129.00,129.0,2,0.24252704,0.12126351520419121,0.12126350000000000000,0.05613288,332.06
2021-12-26,116,117.75,124.0,4,0.31716257,0.07774844579398632,0.07929075000000000000,3.3206544,-90.45
2021-12-26,130,276.00,276.0,1,0.3620867,0.3620867133140564,0.36208700000000000000,2.0898802,-82.67
2021-12-26,133,1400.44,144.0,41,46.104507,0.23138415813446045,1.1245000000000000,76.14366,-39.45
2021-12-26,176,233.59,168.0,387,821.98724,0.38244757056236267,2.1239974160206718,395.06378,108.06
2021-12-26,178,225.13,220.5,8,35.226467,0.6296234726905823,4.4033125000000000,13.135409,168.18
2021-12-26,214,247.50,183.0,6,3.0149527,0.17534929886460304,0.50249166666666666667,2.7372243,10.15
2021-12-26,233,111.33,116.0,3,2.0639396,0.45515453815460205,0.68798000000000000000,0.8453944,144.14
2021-12-26,241,215.31,150.0,134,58.2988,0.13841967284679413,0.43506567164179104478,22.404314,160.21
2021-12-26,257,259.65,174.0,105,239.9974,0.5910516977310181,2.2856857142857143,221.00784,8.59
2021-12-26,271,292.30,183.0,43,283.0024,1.5903898477554321,6.5814418604651163,316.78687,-10.66
2021-12-26,277,626.09,195.0,1350,1952.0024,0.19166287034749985,1.4459259259259259,2246.8123,-13.12
2021-12-26,288,244.30,165.5,76,135.45694,0.3314841687679291,1.7823289473684211,137.19781,-1.27
2021-12-26,292,182.60,162.0,5,3.9216523,0.6476527452468872,0.78433000000000000000,0.9267931,323.14
2021-12-26,303,212.17,132.0,234,269.62582,0.32529981434345245,1.1522478632478632,394.48105,-31.65
2021-12-26,305,283.55,175.0,273,3985.9976,0.8552747368812561,14.6007326007326007,2233.926,78.43
2021-12-26,308,263.45,154.0,337,656.73474,0.36441004276275635,1.9487685459940653,718.777,-8.63
2021-12-26,309,314.94,156.5,36,42.51266,0.3250623941421509,1.1809083333333333,26.164164,62.48
2021-12-26,310,156.60,126.0,5,1.3834031,0.2844374477863312,0.27668000000000000000,1.3157952,5.14
2021-12-26,317,268.08,140.5,26,117.23496,0.37441207468509674,4.5090384615384615,28.221287,315.41
2021-12-26,320,217.59,158.0,100,124.444626,0.3044681251049042,1.2444500000000000,218.91399,-43.15
2021-12-27,5,240.80,167.5,296,1241.5532,0.39974866807460785,4.1944256756756757,2053.5024,-39.54
2021-12-27,13,600.50,131.5,14,42.40471,0.47317445278167725,3.0289071428571429,34.769375,21.96
2021-12-27,20,329.05,142.0,19,38.252655,0.17870065569877625,2.0133000000000000,20.281765,88.61
2021-12-27,29,20103.10,167.0,7,1.5270728,0.1575261801481247,0.21815285714285714286,20.007895,-92.37
2021-12-27,41,598.63,157.5,292,872.3399,0.5431182682514191,2.9874657534246575,635.2223,37.33
2021-12-27,47,284.06,171.0,485,1912.641,0.5976729393005371,3.9435876288659794,1982.3325,-3.52
2021-12-27,50,1815.17,173.0,1415,11329.857,0.5987125039100647,8.0069964664310954,4477.933,153.02
2021-12-27,54,224.83,157.0,6,8.273319,1.2074825167655945,1.3788866666666667,37.771515,-78.10
2021-12-27,79,178.84,178.0,49,62.709335,0.30521830916404724,1.2797816326530612,40.38321,55.29
2021-12-27,83,155.38,113.0,53,234.4458,0.21023009717464447,4.4235094339622642,42.695507,449.11
2021-12-27,87,292.07,157.0,161,146.99672,0.3103722035884857,0.91302484472049689441,156.32243,-5.97
2021-12-27,89,270.57,158.0,37,88.91183,0.8113298416137695,2.4030216216216216,171.09427,-48.03
2021-12-27,104,256.07,202.0,46,325.74457,0.34325969219207764,7.0814130434782609,137.66806,136.62
2021-12-27,105,392.39,163.0,1152,9288.709,1.2072729468345642,8.0631163194444444,4721.6787,96.72
2021-12-27,114,384.00,266.0,3,15.39965,4.458674430847168,5.1332000000000000,0.24252704,6249.66
2021-12-27,116,271.00,271.0,1,0.06260177,0.06260176748037338,0.06260180000000000000,0.31716257,-80.26
2021-12-27,130,136.50,136.5,2,0.5294232,0.2647115886211395,0.26471150000000000000,0.3620867,46.21
2021-12-27,133,154.39,135.0,41,111.76601,0.528996467590332,2.7260000000000000,46.104507,142.42
2021-12-27,151,131.33,132.0,3,0.9722344,0.1837926059961319,0.32407800000000000000,0.67529655,43.97
2021-12-27,176,309.95,176.0,541,595.8141,0.341676265001297,1.1013197781885397,821.98724,-27.52
2021-12-27,178,231.75,193.5,8,58.783997,1.2328448593616486,7.3480000000000000,35.226467,66.87
2021-12-27,214,541.33,131.0,42,20.29644,0.17220359295606613,0.48324761904761904762,3.0149527,573.19
2021-12-27,233,298.78,153.0,9,56.517757,0.61653733253479,6.2797555555555556,2.0639396,2638.34
2021-12-27,241,273.50,168.5,146,47.64906,0.12613499909639359,0.32636369863013698630,58.2988,-18.27
2021-12-27,257,327.18,147.0,169,1178.1953,0.39156103134155273,6.9715976331360947,239.9974,390.92
2021-12-27,271,318.35,147.0,57,564.27344,0.6705651879310608,9.8995263157894737,283.0024,99.39
2021-12-27,277,474.95,191.0,1497,3045.9055,0.22264529764652252,2.0346760187040748,1952.0024,56.04
2021-12-27,288,295.40,160.0,107,337.2449,0.43848010897636414,3.1518224299065421,135.45694,148.97
2021-12-27,292,198.50,180.5,6,39.742176,2.803637355566025,6.6237000000000000,3.9216523,913.40
2021-12-27,298,117.00,117.0,1,0.24234994,0.24234993755817413,0.24235000000000000000,,
2021-12-27,303,403.88,145.5,346,572.44946,0.35078050196170807,1.6544768786127168,269.62582,112.31
2021-12-27,305,306.94,183.5,400,2892.4023,0.7217060029506683,7.2310000000000000,3985.9976,-27.44
2021-12-27,308,414.45,154.0,431,1886.9945,0.517689049243927,4.3781670533642691,656.73474,187.33
2021-12-27,309,281.59,154.5,58,356.63257,0.24104417860507965,6.1488448275862069,42.51266,738.89
2021-12-27,310,581.67,158.0,9,9.839513,0.2687547206878662,1.09327888888888888889,1.3834031,611.25
2021-12-27,317,357.06,182.0,32,552.32465,0.3542610704898834,17.2601562500000000,117.23496,371.13
2021-12-27,320,405.19,158.0,161,288.63434,0.23815855383872986,1.7927577639751553,124.444626,131.94
2021-12-28,5,732.49,160.0,281,1157.3076,0.4584425985813141,4.1185409252669039,1241.5532,-6.79
2021-12-28,13,444.29,184.0,17,14.192664,0.25965505838394165,0.83486470588235294118,42.40471,-66.53
2021-12-28,20,194.31,159.5,26,63.955032,0.1266162022948265,2.4598076923076923,38.252655,67.19
2021-12-28,29,497.75,205.0,8,1.0983416,0.06835662014782429,0.13729250000000000000,1.5270728,-28.08
2021-12-28,41,296.08,153.0,226,336.55417,0.41145195066928864,1.4891769911504425,872.3399,-61.42
2021-12-28,47,374.66,151.0,499,2973.4553,0.37867075204849243,5.9588376753507014,1912.641,55.46
2021-12-28,50,342.99,170.0,1315,8655.3,0.5986801981925964,6.5819771863117871,11329.857,-23.61
2021-12-28,54,182.75,179.5,12,8.1946125,0.34967048466205597,0.68288416666666666667,8.273319,-0.95
2021-12-28,79,213.29,175.0,35,46.311386,0.3207986056804657,1.3231828571428571,62.709335,-26.15
2021-12-28,83,144.44,118.5,48,49.900166,0.21020463109016418,1.0395875000000000,234.4458,-78.72
2021-12-28,87,274.45,142.5,148,169.17299,0.26229138672351837,1.1430608108108108,146.99672,15.09
2021-12-28,89,351.51,142.0,47,383.7923,0.9636289477348328,8.1657872340425532,88.91183,331.66
2021-12-28,95,147.00,147.0,2,0.6216836,0.3108418136835098,0.31084200000000000000,,
2021-12-28,104,552.34,161.0,32,59.946075,0.4165814071893692,1.8733156250000000,325.74457,-81.60
2021-12-28,105,784.01,151.0,1014,9961.394,1.4127110242843628,9.8238560157790927,9288.709,7.24
2021-12-28,116,103.00,103.0,1,0.1090116,0.10901159793138504,0.10901200000000000000,0.06260177,74.14
2021-12-28,130,147.50,147.5,2,0.85800403,0.4290020167827606,0.42900200000000000000,0.5294232,62.06
2021-12-28,133,715.33,145.5,64,291.78842,0.2854558080434799,4.5591875000000000,111.76601,161.07
2021-12-28,151,127.00,122.0,4,0.53696394,0.12141511589288712,0.13424100000000000000,0.9722344,-44.77
2021-12-28,176,223.02,170.5,492,818.2266,0.3795645087957382,1.6630630081300813,595.8141,37.33
2021-12-28,178,666.20,235.5,10,67.14236,1.0428626239299774,6.7142400000000000,58.783997,14.22
2021-12-28,200,124.00,124.0,1,0.09482682,0.09482681751251221,0.09482680000000000000,,
2021-12-28,214,1431.35,126.0,20,19.015636,0.2514932304620743,0.95078000000000000000,20.29644,-6.31
2021-12-28,233,151.29,135.0,7,69.825455,0.376474529504776,9.9750714285714286,56.517757,23.55
2021-12-28,241,287.39,137.0,127,320.98834,0.17227323353290558,2.5274645669291339,47.64906,573.65
2021-12-28,257,784.97,143.0,159,807.4929,0.574877142906189,5.0785723270440252,1178.1953,-31.46
2021-12-28,271,862.71,135.0,42,195.479,0.6510009169578552,4.6542619047619048,564.27344,-65.36
2021-12-28,277,313.14,181.0,1277,1909.5043,0.253147691488266,1.4953014878621770,3045.9055,-37.31
2021-12-28,288,217.43,156.0,98,762.742,0.377348855137825,7.7830816326530612,337.2449,126.17
2021-12-28,292,154.80,162.0,5,5.77168,0.32032889127731323,1.15433600000000000000,39.742176,-85.48
2021-12-28,303,2052.36,123.0,395,506.9654,0.3530099093914032,1.2834556962025316,572.44946,-11.44
2021-12-28,305,655.78,174.0,387,2920.5413,0.9483907222747803,7.5466149870801034,2892.4023,0.97
2021-12-28,308,318.18,151.0,366,851.8713,0.5585950613021851,2.3275163934426230,1886.9945,-54.86
2021-12-28,309,286.57,150.5,30,146.95934,0.2965828776359558,4.8986333333333333,356.63257,-58.79
2021-12-28,310,154.53,126.0,15,7.609794,0.18772870302200317,0.50731933333333333333,9.839513,-22.66
2021-12-28,317,339.79,157.5,38,322.1279,0.5419057905673981,8.4770526315789474,552.32465,-41.68
2021-12-28,320,436.03,157.5,112,207.87434,0.4523601233959198,1.8560178571428571,288.63434,-27.98
2021-12-29,5,255.09,163.0,237,606.43854,0.4059920012950897,2.5588143459915612,1157.3076,-47.60
2021-12-29,13,194.32,182.0,31,75.13646,0.4239221513271332,2.4237580645161290,14.192664,429.40
2021-12-29,20,239.30,215.5,10,86.207184,9.498610019683838,8.6207200000000000,63.955032,34.79
2021-12-29,29,178.50,178.0,4,3.125091,0.13084501400589943,0.78127250000000000000,1.0983416,184.53
2021-12-29,41,833.24,162.0,222,412.44452,0.3425890952348709,1.8578603603603604,336.55417,22.55
2021-12-29,47,265.78,184.0,361,2597.6335,0.4829471707344055,7.1956509695290859,2973.4553,-12.64
2021-12-29,50,1364.93,175.0,1325,4935.8335,0.5629694759845734,3.7251547169811321,8655.3,-42.97
2021-12-29,54,222.00,243.5,6,16.313862,0.6839994788169861,2.7189833333333333,8.1946125,99.08
2021-12-29,79,244.83,161.0,52,84.24589,0.6499276161193848,1.6201134615384615,46.311386,81.91
2021-12-29,83,187.20,152.5,40,161.0666,0.2168956845998764,4.0266750000000000,49.900166,222.78
2021-12-29,87,218.07,158.0,123,71.91924,0.19210532307624817,0.58470894308943089431,169.17299,-57.49
2021-12-29,89,228.59,197.0,29,242.73238,0.9025469422340393,8.3700689655172414,383.7923,-36.75
2021-12-29,95,403.50,160.5,4,30.530102,2.2056875228881836,7.6325250000000000,0.6216836,4810.87
2021-12-29,104,183.29,163.0,35,55.7876,0.227766752243042,1.5939314285714286,59.946075,-6.94
2021-12-29,105,55067.39,160.0,1045,18649.672,1.8227733373641968,17.8466028708133971,9961.394,87.22
2021-12-29,116,117.80,108.0,5,85.00632,0.21358086168766022,17.0012600000000000,0.1090116,77879.20
2021-12-29,130,148.00,148.0,1,0.58336323,0.5833632349967957,0.58336300000000000000,0.85800403,-32.01
2021-12-29,133,600.00,156.0,31,36.7674,0.3726896345615387,1.1860451612903226,291.78842,-87.40
2021-12-29,151,211.00,210.5,4,6.710631,1.08354914188385,1.6776575000000000,0.53696394,1149.74
2021-12-29,176,251.60,173.5,450,1085.3704,0.3719506859779358,2.4119333333333333,818.2266,32.65
2021-12-29,178,937.75,193.5,12,29.29391,1.3580478131771088,2.4411583333333333,67.14236,-56.37
2021-12-29,214,150.31,146.0,13,3.0411484,0.08366451412439346,0.23393461538461538462,19.015636,-84.01
2021-12-29,233,173.50,104.0,6,129.32253,4.105315759778023,21.5538333333333333,69.825455,85.21
2021-12-29,241,219.30,142.5,100,32.067253,0.1527276262640953,0.32067300000000000000,320.98834,-90.01
2021-12-29,257,266.48,134.0,196,1043.2661,0.5655229091644287,5.3228061224489796,807.4929,29.20
2021-12-29,271,217.59,148.0,63,258.73514,0.6688275933265686,4.1069047619047619,195.479,32.36
2021-12-29,277,292.72,170.0,952,8926.337,0.18497680127620697,9.3764075630252101,1909.5043,367.47
2021-12-29,288,195.28,157.0,58,119.113525,0.5510242879390717,2.0536896551724138,762.742,-84.38
2021-12-29,292,418.67,110.5,6,2.3008685,0.4116382896900177,0.38347833333333333333,5.77168,-60.14
2021-12-29,298,143.00,143.0,2,0.081448875,0.040724437683820724,0.04072445000000000000,0.24234994,-66.39
2021-12-29,303,699.54,147.0,394,565.7087,0.46952250599861145,1.4358096446700508,506.9654,11.59
2021-12-29,305,238.91,179.0,377,5320.3027,0.897432267665863,14.1122015915119363,2920.5413,82.17
2021-12-29,308,575.34,166.0,325,918.67645,0.3379359841346741,2.8266953846153846,851.8713,7.84
2021-12-29,309,215.70,153.0,37,51.95838,0.29013609886169434,1.4042810810810811,146.95934,-64.64
2021-12-29,310,320.36,198.0,11,9.010576,0.05749532952904701,0.81914363636363636364,7.609794,18.41
2021-12-29,317,463.72,200.0,32,263.76202,0.40364229679107666,8.2425625000000000,322.1279,-18.12
2021-12-29,320,252.51,153.0,147,992.1615,0.37291038036346436,6.7493945578231293,207.87434,377.29
2021-12-30,5,2641.74,163.5,202,798.6347,0.47846780717372894,3.9536386138613861,606.43854,31.69
2021-12-30,13,175.35,153.0,31,37.55617,0.3234424591064453,1.2114903225806452,75.13646,-50.02
2021-12-30,20,1849.90,156.0,10,50.001167,4.521443605422974,5.0001200000000000,86.207184,-42.00
2021-12-30,29,192.00,182.0,3,7.6048346,0.21965347230434418,2.5349433333333333,3.125091,143.35
2021-12-30,41,1291.06,158.0,199,791.992,0.4001500904560089,3.9798592964824121,412.44452,92.02
2021-12-30,47,2334.55,159.0,339,2388.3096,0.4837625026702881,7.0451622418879056,2597.6335,-8.06
2021-12-30,50,2384.79,176.0,1198,6756.0083,0.531810462474823,5.6394073455759599,4935.8335,36.88
2021-12-30,54,1204.43,294.0,7,6.8238745,0.2532895803451538,0.97483857142857142857,16.313862,-58.17
2021-12-30,79,3683.53,185.0,34,114.21053,0.7462737560272217,3.3591470588235294,84.24589,35.57
2021-12-30,83,3371.14,172.0,28,26.306646,0.4401363134384155,0.93952142857142857143,161.0666,-83.67
2021-12-30,87,1886.20,183.0,115,106.67698,0.2083785980939865,0.92762608695652173913,71.91924,48.33
2021-12-30,89,871.70,187.5,30,193.73685,0.6710246205329895,6.4579000000000000,242.73238,-20.19
2021-12-30,95,1613.57,164.0,7,10.226646,0.7868121266365051,1.4609428571428571,30.530102,-66.50
2021-12-30,104,940.14,170.0,29,166.56851,0.3708907961845398,5.7437586206896552,55.7876,198.58
2021-12-30,105,1386.60,159.0,965,9757.586,1.4195023775100708,10.1114922279792746,18649.672,-47.68
2021-12-30,114,294.00,294.0,1,0.13486938,0.13486938178539276,0.13486900000000000000,15.39965,-99.12
2021-12-30,116,144.00,139.5,4,0.87141055,0.1660257801413536,0.21785275000000000000,85.00632,-98.97
2021-12-30,133,261.32,177.0,37,77.44077,0.24348440766334534,2.0929945945945946,36.7674,110.62
2021-12-30,151,146.00,146.0,1,0.17573617,0.1757361739873886,0.17573600000000000000,6.710631,-97.38
2021-12-30,176,1088.87,177.5,400,792.69635,0.3732295036315918,1.9817400000000000,1085.3704,-26.97
2021-12-30,178,11958.00,5216.5,4,41.856773,8.771367073059082,10.4642000000000000,29.29391,42.89
2021-12-30,200,143.20,128.0,5,0.42769194,0.04810217767953873,0.08553840000000000000,0.09482682,351.02
2021-12-30,214,1761.79,134.5,14,4.5741615,0.09387408941984177,0.32672571428571428571,3.0411484,50.41
2021-12-30,233,203.86,188.0,7,65.74166,0.7547130584716797,9.3916714285714286,129.32253,-49.16
2021-12-30,241,200264.88,175.0,107,44.856293,0.09903249144554138,0.41921775700934579439,32.067253,39.88
2021-12-30,257,2568.80,153.0,118,934.13,0.5634778738021851,7.9163559322033898,1043.2661,-10.46
2021-12-30,271,1376.75,172.0,55,435.70453,0.5678908228874207,7.9219090909090909,258.73514,68.40
2021-12-30,277,1550.89,165.0,774,1303.1854,0.17797084152698517,1.6837080103359173,8926.337,-85.40
2021-12-30,288,2026.31,161.0,83,264.4202,0.45602068305015564,3.1857831325301205,119.113525,121.99
2021-12-30,292,231.50,218.5,4,60.000813,14.538905143737793,15.0002000000000000,2.3008685,2507.75
2021-12-30,298,140.67,140.0,3,1.085621,0.2532687485218048,0.36187333333333333333,0.081448875,1232.89
2021-12-30,303,1299.14,139.0,370,488.12924,0.4416467100381851,1.3192675675675676,565.7087,-13.71
2021-12-30,305,1376.08,206.0,333,5333.4336,1.278128981590271,16.0163063063063063,5320.3027,0.25
2021-12-30,308,1752.86,154.5,360,1038.3848,0.5116912126541138,2.8843888888888889,918.67645,13.03
2021-12-30,309,855.58,210.0,19,16.563702,0.24394631385803223,0.87177368421052631579,51.95838,-68.12
2021-12-30,310,181.00,141.5,16,5.732227,0.11429856717586517,0.35826437500000000000,9.010576,-36.38
2021-12-30,317,453.88,168.0,32,100.71544,0.522811770439148,3.1473437500000000,263.76202,-61.82
2021-12-30,320,638.53,163.0,125,215.23933,0.30566075444221497,1.7219120000000000,992.1615,-78.31
2021-12-31,5,1764.65,170.0,233,727.74396,0.4623790383338928,3.1233648068669528,798.6347,-8.88
2021-12-31,13,1123.06,138.0,18,16.02773,0.44879665970802307,0.89042777777777777778,37.55617,-57.32
2021-12-31,20,988.36,197.0,11,79.90701,7.9752678871154785,7.2642727272727273,50.001167,59.81
2021-12-31,29,144.50,144.5,2,0.4932154,0.246607705950737,0.24660750000000000000,7.6048346,-93.51
2021-12-31,41,637.12,162.5,202,240.69887,0.3286358714103699,1.1915792079207921,791.992,-69.61
2021-12-31,47,682.12,163.0,341,940.8153,0.40313228964805603,2.7589882697947214,2388.3096,-60.61
2021-12-31,50,1130.27,178.0,1163,3684.617,0.5073750019073486,3.1682029234737747,6756.0083,-45.46
2021-12-31,54,208.67,121.0,3,1.2662191,0.5605066418647766,0.42207333333333333333,6.8238745,-81.44
2021-12-31,79,1936.39,165.5,36,43.50675,0.36436228454113007,1.2085194444444444,114.21053,-61.91
2021-12-31,83,709.62,144.5,26,176.6728,0.15371590107679367,6.7951153846153846,26.306646,571.59
2021-12-31,87,942.86,160.0,132,104.52219,0.24395114928483963,0.79183333333333333333,106.67698,-2.02
2021-12-31,89,319.76,171.0,25,381.48383,0.88545161485672,15.2593600000000000,193.73685,96.91
2021-12-31,95,355.75,248.5,4,89.561905,6.262492775917053,22.3904750000000000,10.226646,775.77
2021-12-31,104,470.53,173.0,38,225.62067,0.24459021538496017,5.9373947368421053,166.56851,35.45
2021-12-31,105,939.35,170.5,976,10025.233,1.36771959066391,10.2717213114754098,9757.586,2.74
2021-12-31,114,272.00,272.0,1,1.1310118,1.1310118436813354,1.13101000000000000000,0.13486938,738.60
2021-12-31,116,1326.00,171.0,3,0.40931043,0.10465731471776962,0.13643666666666666667,0.87141055,-53.03
2021-12-31,133,752.91,140.5,34,80.17582,0.3059761971235275,2.3581117647058824,77.44077,3.53
2021-12-31,151,2090.33,2521.0,3,15.767741,3.6344528198242188,5.2559000000000000,0.17573617,8872.39
2021-12-31,176,798.70,177.0,392,619.7155,0.33260318636894226,1.5809081632653061,792.69635,-21.82
2021-12-31,178,6743.13,155.0,8,9.960805,1.0976130962371826,1.2451000000000000,41.856773,-76.20
2021-12-31,214,1118.50,211.0,6,1.5184556,0.1522807963192463,0.25307666666666666667,4.5741615,-66.80
2021-12-31,233,139.83,141.5,6,41.344,0.5720926821231842,6.8906666666666667,65.74166,-37.11
2021-12-31,241,614.27,148.0,131,48.24779,0.11164426803588867,0.36830381679389312977,44.856293,7.56
2021-12-31,257,323.33,142.5,136,1082.948,0.7391954958438873,7.9628676470588235,934.13,15.93
2021-12-31,271,3374.58,160.0,50,333.2063,0.7637925446033478,6.6641200000000000,435.70453,-23.52
2021-12-31,277,505.03,159.0,743,720.97015,0.16663244366645813,0.97034993270524899058,1303.1854,-44.68
2021-12-31,288,2122.83,165.0,66,270.48758,0.5497569739818573,4.0983030303030303,264.4202,2.29
2021-12-31,292,504.00,173.0,6,6.60344,0.1479735430330038,1.10057333333333333333,60.000813,-88.99
2021-12-31,298,131.25,116.5,4,2.3631384,0.6794985681772232,0.59078500000000000000,1.085621,117.68
2021-12-31,303,1302.65,149.0,395,833.5865,0.35832488536834717,2.1103443037974684,488.12924,70.77
2021-12-31,305,868.96,203.0,358,9181.346,0.7643661201000214,25.6462290502793296,5333.4336,72.15
2021-12-31,308,840.78,173.5,300,1076.0323,0.41329626739025116,3.5867666666666667,1038.3848,3.63
2021-12-31,309,4102.18,167.5,22,61.74423,0.3315093666315079,2.8065545454545455,16.563702,272.77
2021-12-31,310,194.25,140.5,12,32.372337,0.2680046781897545,2.6976916666666667,5.732227,464.74
2021-12-31,317,882.23,186.5,26,85.831024,0.3629925847053528,3.3011923076923077,100.71544,-14.78
2021-12-31,320,1262.60,159.0,93,263.8683,0.20410305261611938,2.8372903225806452,215.23933,22.59
2022-01-01,5,274.67,140.0,217,858.9094,0.4317300021648407,3.9581059907834101,727.74396,18.02
2022-01-01,13,177.78,182.0,9,6.651306,0.22814346849918365,0.73903444444444444444,16.02773,-58.50
2022-01-01,20,223.31,145.0,16,99.10203,9.298334121704102,6.1938750000000000,79.90701,24.02
2022-01-01,29,225.50,225.5,2,0.33465976,0.16732988134026527,0.16733000000000000000,0.4932154,-32.15
2022-01-01,41,4643.14,138.0,194,440.3964,0.3376557230949402,2.2700824742268041,240.69887,82.97
2022-01-01,47,401.88,163.0,313,1909.9374,0.5521982312202454,6.1020447284345048,940.8153,103.01
2022-01-01,50,317.11,156.0,958,5432.086,0.4917786121368408,5.6702400835073069,3684.617,47.43
2022-01-01,54,236.50,195.0,10,6.4270105,0.14630212634801865,0.64270100000000000000,1.2662191,407.58
2022-01-01,79,220.46,150.0,28,31.673098,0.24269789457321167,1.1311821428571429,43.50675,-27.20
2022-01-01,83,163.34,151.0,38,94.85885,0.17587430030107498,2.4962842105263158,176.6728,-46.31
2022-01-01,87,205.17,127.0,102,156.7251,0.2609695494174957,1.5365196078431373,104.52219,49.94
2022-01-01,89,228.29,132.5,34,49.136124,0.38985317945480347,1.4451794117647059,381.48383,-87.12
2022-01-01,95,196.33,210.0,3,8.271496,3.1791698932647705,2.7571666666666667,89.561905,-90.76
2022-01-01,104,170.57,161.0,69,154.67119,0.190803661942482,2.2416086956521739,225.62067,-31.45
2022-01-01,105,952.01,147.0,994,16616.543,1.1662808656692505,16.7168008048289738,10025.233,65.75
2022-01-01,116,112.00,112.0,1,0.09665388,0.09665387868881226,0.09665390000000000000,0.40931043,-76.39
2022-01-01,130,137.50,137.5,2,0.640222,0.3201109990477562,0.32011100000000000000,0.58336323,9.75
2022-01-01,133,139.12,126.0,43,89.71296,0.4827745258808136,2.0863488372093023,80.17582,11.90
2022-01-01,151,114.00,114.0,1,0.1805792,0.18057920038700104,0.18057900000000000000,15.767741,-98.85
2022-01-01,176,319.61,170.0,380,444.67807,0.3028886020183563,1.1702052631578947,619.7155,-28.24
2022-01-01,178,21003.12,310.0,5,7.5491757,0.8755908608436584,1.5098360000000000,9.960805,-24.21
2022-01-01,200,100.75,85.0,4,1.0825708,0.193198099732399,0.27064250000000000000,0.42769194,153.12
2022-01-01,214,135.11,123.0,18,3.4508452,0.09868820011615753,0.19171388888888888889,1.5184556,127.26
2022-01-01,233,172.30,133.0,46,11.589324,0.18806364387273788,0.25194130434782608696,41.344,-71.97
2022-01-01,241,203.14,153.5,128,34.468426,0.11251698434352875,0.26928437500000000000,48.24779,-28.56
2022-01-01,257,161.30,144.0,113,317.79303,0.5671658515930176,2.8123274336283186,1082.948,-70.65
2022-01-01,271,623.69,153.5,54,319.4802,1.123434156179428,5.9162962962962963,333.2063,-4.12
2022-01-01,277,173.88,161.0,728,1736.968,0.12422994524240494,2.3859478021978022,720.97015,140.92
2022-01-01,288,803.67,140.0,69,156.3572,0.4219701290130615,2.2660434782608696,270.48758,-42.19
2022-01-01,292,119.00,119.0,1,0.7046943,0.7046942710876465,0.70469400000000000000,6.60344,-89.33
2022-01-01,298,176.11,142.0,27,23.007793,0.9545626044273376,0.85214074074074074074,2.3631384,873.61
2022-01-01,303,307.58,128.0,305,747.8947,0.44510579109191895,2.4521147540983607,833.5865,-10.28
2022-01-01,305,429.62,186.0,319,2253.749,0.7754833102226257,7.0650470219435737,9181.346,-75.45
2022-01-01,308,263.38,136.0,290,631.8273,0.3781663179397583,2.1787137931034483,1076.0323,-41.28
2022-01-01,309,207.68,180.5,22,103.08745,0.4245070666074753,4.6857727272727273,61.74423,66.96
2022-01-01,310,130.17,122.0,6,1.9903848,0.14228413254022598,0.33173000000000000000,32.372337,-93.85
2022-01-01,317,239.55,140.5,22,69.27063,0.4118935316801071,3.1486636363636364,85.831024,-19.29
2022-01-01,320,244.50,155.0,82,125.612434,0.5062977075576782,1.5318536585365854,263.8683,-52.40
2022-01-02,5,585.51,169.0,145,619.6325,0.4447128474712372,4.2733310344827586,858.9094,-27.86
2022-01-02,13,148.33,141.0,15,13.477384,0.5142191052436829,0.89849333333333333333,6.651306,102.63
2022-01-02,20,600.50,206.0,14,99.148094,6.495338559150696,7.0820071428571429,99.10203,0.05
2022-01-02,29,177.25,180.5,4,1.7595373,0.28570566698908806,0.43988500000000000000,0.33465976,425.77
2022-01-02,41,541.61,159.0,235,310.55383,0.25826287269592285,1.3215063829787234,440.3964,-29.48
2022-01-02,47,231.25,145.0,311,2148.185,0.6521758437156677,6.9073633440514469,1909.9374,12.47
2022-01-02,50,1365.98,157.0,1188,5703.5073,0.5073750019073486,4.8009343434343434,5432.086,5.00
2022-01-02,54,150.00,143.0,9,5.761643,0.30317163467407227,0.64018222222222222222,6.4270105,-10.35
2022-01-02,79,231.94,138.0,34,83.86432,0.4072258323431015,2.4665970588235294,31.673098,164.78
2022-01-02,83,262.93,159.0,29,58.685745,0.2844874858856201,2.0236448275862069,94.85885,-38.13
2022-01-02,87,571.70,136.0,133,229.6196,0.24993816018104553,1.7264661654135338,156.7251,46.51
2022-01-02,89,247.55,153.0,47,98.2866,0.6208847761154175,2.0912042553191489,49.136124,100.03
2022-01-02,95,664.80,352.5,10,35.635647,1.077997475862503,3.5635600000000000,8.271496,330.83
2022-01-02,104,219.67,154.0,94,46.438446,0.19302531331777573,0.49402553191489361702,154.67119,-69.98
2022-01-02,105,425.65,158.0,987,10867.111,1.316154956817627,11.0102330293819656,16616.543,-34.60
2022-01-02,116,139.20,134.0,5,0.9024732,0.10937628895044327,0.18049460000000000000,0.09665388,833.72
2022-01-02,130,240.00,240.0,1,0.057224844,0.05722484365105629,0.05722480000000000000,0.640222,-91.06
2022-01-02,133,182.42,136.0,45,50.36047,0.18960124254226685,1.1191222222222222,89.71296,-43.86
2022-01-02,151,152.00,152.0,2,2.252668,1.126333937048912,1.12633500000000000000,0.1805792,1147.47
2022-01-02,176,236.67,171.0,369,521.7342,0.29484066367149353,1.4139132791327913,444.67807,17.33
2022-01-02,178,286.00,286.0,2,1.92436,0.9621799886226654,0.96218000000000000000,7.5491757,-74.51
2022-01-02,200,205.25,191.5,4,3.5561485,0.7174951732158661,0.88903750000000000000,1.0825708,228.49
2022-01-02,214,439.24,126.0,17,14.856914,0.30234354734420776,0.87393529411764705882,3.4508452,330.53
2022-01-02,233,142.48,130.0,21,67.270386,0.1889539361000061,3.2033523809523810,11.589324,480.45
2022-01-02,241,183.57,141.0,139,54.441113,0.10392246395349503,0.39166258992805755396,34.468426,57.94
2022-01-02,257,235.42,147.0,158,627.8728,0.43522247672080994,3.9738797468354430,317.79303,97.57
2022-01-02,271,222.88,142.0,51,148.1808,0.5424484610557556,2.9055098039215686,319.4802,-53.62
2022-01-02,277,229.47,159.0,672,1645.8279,0.17835675925016403,2.4491517857142857,1736.968,-5.25
2022-01-02,288,274.93,172.0,96,251.87,0.2898571342229843,2.6236458333333333,156.3572,61.09
2022-01-02,292,191.00,188.5,4,0.66626656,0.1860157772898674,0.16656675000000000000,0.7046943,-5.45
2022-01-02,298,122.78,109.0,9,8.031019,0.9591174125671387,0.89233555555555555556,23.007793,-65.09
2022-01-02,303,208.30,130.0,279,361.69693,0.363257497549057,1.2964050179211470,747.8947,-51.64
2022-01-02,305,250.84,196.0,323,1930.3641,0.7764372229576111,5.9763467492260062,2253.749,-14.35
2022-01-02,308,1997.03,135.5,302,526.5525,0.2945912182331085,1.7435496688741722,631.8273,-16.66
2022-01-02,309,246.46,167.5,28,299.48495,0.3001549541950226,10.6958928571428571,103.08745,190.52
2022-01-02,310,165.78,165.0,9,15.610506,0.679854691028595,1.7345000000000000,1.9903848,684.30
2022-01-02,317,210.23,172.5,26,47.12552,0.3124154359102249,1.8125192307692308,69.27063,-31.97
2022-01-02,320,182.95,140.0,114,249.18913,0.2632092535495758,2.1858684210526316,125.612434,98.38
2022-01-03,5,1060.87,155.0,248,1629.974,0.4435683637857437,6.5724596774193548,619.6325,163.06
2022-01-03,13,294.75,169.0,48,604.5214,4.9542152881622314,12.5941875000000000,13.477384,4385.45
2022-01-03,20,176.07,141.0,15,99.45818,7.303648948669434,6.6305466666666667,99.148094,0.31
2022-01-03,29,306.00,164.0,5,4.0004563,0.5763577818870544,0.80009200000000000000,1.7595373,127.36
2022-01-03,41,1645.11,161.0,235,1016.7807,0.3891353905200958,4.3267234042553191,310.55383,227.41
2022-01-03,47,1252.55,169.0,342,1644.7681,0.7104363739490509,4.8092690058479532,2148.185,-23.43
2022-01-03,50,917.00,175.0,1345,5979.0557,0.5527281761169434,4.4453977695167286,5703.5073,4.83
2022-01-03,54,203.63,143.5,8,2.146463,0.14518924057483673,0.26830750000000000000,5.761643,-62.75
2022-01-03,79,187.96,151.0,57,107.433754,0.4600195288658142,1.8848070175438596,83.86432,28.10
2022-01-03,83,185.33,153.0,49,93.16085,0.1334916055202484,1.9012428571428571,58.685745,58.75
2022-01-03,87,1619.28,134.0,119,370.0869,0.3048460781574249,3.1099747899159664,229.6196,61.17
2022-01-03,89,269.73,148.0,37,87.18851,0.5252905488014221,2.3564459459459459,98.2866,-11.29
2022-01-03,95,954.65,171.0,17,461.58362,1.1757252216339111,27.1520000000000000,35.635647,1195.29
2022-01-03,104,209.56,155.5,104,222.80396,0.19447966665029526,2.1423461538461538,46.438446,379.78
2022-01-03,105,1004.43,154.0,1058,8240.487,1.4431460499763489,7.7887429111531191,10867.111,-24.17
2022-01-03,114,95.00,95.0,1,0.3588155,0.3588154911994934,0.35881500000000000000,1.1310118,-68.27
2022-01-03,116,169.67,106.0,3,0.27456838,0.10653698444366455,0.09152266666666666667,0.9024732,-69.58
2022-01-03,130,169.00,169.0,1,0.19984874,0.1998487412929535,0.19984900000000000000,0.057224844,249.23
2022-01-03,133,131.23,115.0,48,86.81063,0.5151406526565552,1.8085541666666667,50.36047,72.38
2022-01-03,151,139.00,139.0,2,1.4038138,0.7019069269299507,0.70190500000000000000,2.252668,-37.68
2022-01-03,176,225.29,170.0,426,486.4996,0.3162505179643631,1.1420187793427230,521.7342,-6.75
2022-01-03,178,73150.13,227.0,7,7.709508,1.0186821222305298,1.10135857142857142857,1.92436,300.63
2022-01-03,200,209.00,209.0,1,0.5324159,0.5324159264564514,0.53241600000000000000,3.5561485,-85.03
2022-01-03,214,153.08,129.5,12,5.26531,0.14835450798273087,0.43877583333333333333,14.856914,-64.56
2022-01-03,233,156.39,144.0,23,79.748505,0.1915711909532547,3.4673260869565217,67.270386,18.55
2022-01-03,241,1906.98,135.0,151,58.750263,0.1425909548997879,0.38907483443708609272,54.441113,7.92
2022-01-03,257,467.26,150.0,191,326.13443,0.2854746878147125,1.7075078534031414,627.8728,-48.06
2022-01-03,271,295.38,149.5,52,222.38739,0.519967794418335,4.2766730769230769,148.1808,50.08
2022-01-03,277,22697.26,156.0,667,1444.828,0.1836852878332138,2.1661619190404798,1645.8279,-12.21
2022-01-03,288,1058.53,153.0,94,432.46167,0.39698971807956696,4.6006595744680851,251.87,71.70
2022-01-03,292,156.13,161.0,8,5.3965673,0.38686680793762207,0.67457125000000000000,0.66626656,709.97
2022-01-03,298,1046.50,138.0,10,6.6907234,0.6983056962490082,0.66907200000000000000,8.031019,-16.69
2022-01-03,303,466.73,133.0,279,519.3235,0.3862195909023285,1.8613727598566308,361.69693,43.58
2022-01-03,305,344.84,192.0,394,3500.7458,0.888127326965332,8.8851522842639594,1930.3641,81.35
2022-01-03,308,393.91,146.0,358,1311.8959,0.5560279786586761,3.6645251396648045,526.5525,149.15
2022-01-03,309,171.06,138.0,32,63.08786,0.15832696855068207,1.9714968750000000,299.48495,-78.93
2022-01-03,310,139.24,131.0,17,156.26537,1.1795200109481812,9.1920588235294118,15.610506,901.03
2022-01-03,317,452.46,200.5,28,68.96961,0.27287112921476364,2.4632000000000000,47.12552,46.35
2022-01-03,320,345.85,162.0,105,506.8409,0.1959981620311737,4.8270571428571429,249.18913,103.40
2022-01-04,5,6491.53,154.0,165,1244.6599,0.4388020634651184,7.5433939393939394,1629.974,-23.64
2022-01-04,13,209.36,171.0,25,77.27664,0.412206768989563,3.0910640000000000,604.5214,-87.22
2022-01-04,20,191.11,187.0,9,74.842186,12.697779655456543,8.3158000000000000,99.45818,-24.75
2022-01-04,29,163.00,163.0,4,0.74230796,0.12150473147630692,0.18557700000000000000,4.0004563,-81.44
2022-01-04,41,339.70,171.0,219,542.61475,0.37298837304115295,2.4776940639269406,1016.7807,-46.63
2022-01-04,47,256.59,177.5,372,1735.9521,0.6419242918491364,4.6665322580645161,1644.7681,5.54
2022-01-04,50,3692.41,163.0,1537,7483.431,0.5602888464927673,4.8688549121665582,5979.0557,25.16
2022-01-04,54,1207.22,221.0,9,5.29925,0.20525887608528137,0.58880555555555555556,2.146463,146.88
2022-01-04,79,207.58,146.5,48,149.83672,0.5867602825164795,3.1216041666666667,107.433754,39.47
2022-01-04,83,174.40,142.0,48,359.4548,0.1685800552368164,7.4886458333333333,93.16085,285.84
2022-01-04,87,229.91,143.0,149,202.50357,0.2032410353422165,1.3590872483221477,370.0869,-45.28
2022-01-04,89,2270.75,156.0,53,187.98134,0.8914947509765625,3.5468113207547170,87.18851,115.60
2022-01-04,95,502.90,159.5,10,15.997256,0.8869960010051727,1.5997300000000000,461.58362,-96.53
2022-01-04,104,239.33,173.0,92,209.15585,0.1944628655910492,2.2734347826086957,222.80396,-6.13
2022-01-04,105,1281.14,176.0,1152,9932.1045,2.3071250915527344,8.6216145833333333,8240.487,20.53
2022-01-04,116,164.29,157.0,7,1.1744348,0.1073063313961029,0.16777571428571428571,0.27456838,327.74
2022-01-04,133,179.06,149.5,66,157.99307,0.37244075536727905,2.3938333333333333,86.81063,82.00
2022-01-04,151,112.00,112.0,1,0.18265492,0.18265491724014282,0.18265500000000000000,1.4038138,-86.99
2022-01-04,176,228.61,182.0,431,708.4792,0.3440770208835602,1.6438027842227378,486.4996,45.63
2022-01-04,178,466.00,136.5,8,9.313227,1.1929477453231812,1.1641537500000000,7.709508,20.80
2022-01-04,200,220.25,246.5,4,3.519766,0.8620956540107727,0.87994250000000000000,0.5324159,561.09
2022-01-04,214,785.75,195.5,8,1.2022266,0.0924382358789444,0.15027875000000000000,5.26531,-77.17
2022-01-04,233,504.93,142.0,55,86.85562,0.19143180549144745,1.5791927272727273,79.748505,8.91
2022-01-04,241,461.03,173.0,292,156.91756,0.15545077621936798,0.53739041095890410959,58.750263,167.09
2022-01-04,257,301.86,147.0,163,1137.1749,0.5641517639160156,6.9765030674846626,326.13443,248.68
2022-01-04,271,351.77,190.5,60,210.29501,0.6105676889419556,3.5049166666666667,222.38739,-5.44
2022-01-04,277,358.98,170.0,742,2657.8286,0.18836460262537003,3.5819811320754717,1444.828,83.95
2022-01-04,288,545.33,183.0,21,35.713295,0.2817097008228302,1.7006333333333333,432.46167,-91.74
2022-01-04,292,180.78,170.0,9,13.489875,0.37453463673591614,1.4988777777777778,5.3965673,149.97
2022-01-04,298,206.80,223.0,5,3.7434773,0.8735426068305969,0.74869600000000000000,6.6907234,-44.05
2022-01-04,303,777.76,131.0,315,577.0406,0.39892205595970154,1.8318761904761905,519.3235,11.11
2022-01-04,305,331.77,187.0,351,2110.6748,0.9951006174087524,6.0133048433048433,3500.7458,-39.71
2022-01-04,308,394.37,147.5,418,1230.1327,0.45272059738636017,2.9428947368421053,1311.8959,-6.23
2022-01-04,309,815.41,151.0,49,153.40573,0.4610794186592102,3.1307346938775510,63.08786,143.16
2022-01-04,310,151.94,120.5,16,139.97836,0.36535704135894775,8.7486250000000000,156.26537,-10.42
2022-01-04,317,205.30,163.0,33,33.300995,0.1673351228237152,1.00912121212121212121,68.96961,-51.72
2022-01-04,320,222.69,161.0,119,143.4507,0.2179819792509079,1.2054705882352941,506.8409,-71.70
